Giuseppe Aldrovandini;['italian baroque']
Roza Eskenazi;['rebetiko']
Johannes Driessler;['austro-german modernism']
Hilde Heltberg;['classic norwegian pop']
Peter Lange-Müller;['danish classical']
Giannina Russ;['italian soprano', 'vintage classical singing']
Koos du Plessis;['african rock', 'afrikaans']
Conrado del Campo;['classical']
Cloe Elmo;['italian mezzo-soprano']
Radha Jayalakshmi;['carnatic', 'carnatic vocal', 'indian classical']
Reinald Werrenrath;['vaudeville']
Donald Kachamba;['malawian pop']
June Valli;['deep adult standards']
Lionel Long;['bush ballad']
Ada Falcón;['tango', 'tango cancion', 'vintage tango']
Dolores Duran;['samba', 'velha guarda']
Peter Kiesewetter;['german contemporary classical']
Kate Lee;['korean classical performance', 'korean classical piano']
Charles Remue;['jazz clarinet']
Sergio Vega;['banda', 'corrido', 'nuevo regional mexicano', 'regional mexican']
Noro Morales;['latin jazz', 'mambo']
Boots Randolph;['nashville sound']
R. D. Burman;['chutney', 'classic bollywood', 'filmi', 'ghazal', 'modern bollywood', 'sufi']
Sue Draheim;['celtic rock']
Sammy Fain;['tin pan alley']
Shelton Brooks;['tin pan alley']
William Ludwig;['classical bassoon']
Clara Ward;['gospel singers', 'praise']
Line Monty;['algerian folk']
Michael Cohen;['kirtan']
Howard New;['soundtrack']
Arun Thapa;['classic nepali pop', 'nepali pop']
Albert Fuller;['harpsichord']
Arnold Walter;['vintage radio show']
Hisarlı Ahmet;['baglama', 'turkish folk']
Viksta-Lasse;['swedish fiddle']
Tom King;['chicago house', 'deep house', 'disco house', 'garage house', 'house', 'vocal house']
Ervin Drake;['tin pan alley']
Mike Bernard;['ragtime']
Jim Jones;['gangster rap', 'harlem hip hop', 'hip hop', 'pop rap', 'rap', 'trap']
Pance Pondaag;['classic indo pop', 'dangdut']
Glen Sherley;['oklahoma country']
Viro the Virus;['philly rap', 'underground rap']
Kenny Roberts;['classic australian country', 'yodeling']
Tito Torbellino;['corrido', 'deep regional mexican', 'nuevo regional mexicano', 'regional mexican']
Jimmy Brown;['chill r&b']
Robert Long;['ballet class']
Edna Gallmon Cooke;['gospel singers', 'praise']
Zim Ngqawana;['south african jazz']
Louis Nelson;['jazz trombone', 'new orleans jazz']
Benny Morton;['jazz trombone']
Ian Powrie;['scottish fiddle', 'traditional scottish folk']
Paul Taffanel;['french romanticism', 'late romantic era']
Snakefinger;['experimental', 'zolo']
Gerónimo Giménez;['operetta']
Mimoun El Oujdi;['rai', 'rif']
Babe Stovall;['delta blues']
Kate Smith;['torch song']
Eddie Miller;['new orleans jazz']
Billy Bauer;['jazz guitar']
Johann Christoph Altnickol;['galante era', 'german baroque']
Alfred Prinz;['classical clarinet']
Malcolm McEachern;['music hall']
John Sebastian;['folk', 'folk rock', 'traditional folk', 'yacht rock']
Hanne Haller;['classic schlager', 'schlager', 'volksmusik']
Timothy Wright;['contemporary gospel', 'gospel']
Steve Marcus;['jazz saxophone']
Mack Self;['arkansas country']
David Rose;['easy listening', 'space age pop']
Bob Howard;['vintage swing']
Richard Barth;['german romanticism']
Labh Janjua;['filmi', 'modern bollywood', 'sufi']
Rocío Jurado;['cancion melodica', 'copla']
Camille Decreus;['french romanticism']
Vinayakrao Patwardhan;['hindustani vocal', 'indian classical']
Ngọc Lan;['vietnamese pop']
Benny Neyman;['carnaval limburg', 'classic belgian pop', 'dutch pop', 'levenslied', 'nederpop']
T-Model Ford;['blues', 'punk blues', 'traditional blues']
Jovdat Hajiyev;['caucasian classical']
Bobby Jaspar;['belgian jazz']
Leon Payne;['bakersfield sound', 'honky tonk']
Samfree;['anime rock', 'vocaloid']
Gilbert Vinter;['library music']
Dieter Klöcker;['classical clarinet']
John Lennon;['album rock', 'art rock', 'beatlesque', 'classic rock', 'folk rock', 'mellow gold', 'rock']
Lucia Dlugoszewski;['prepared piano']
Malcolm Yelvington;['honky tonk', 'rockabilly', 'traditional rockabilly']
Marek Weber;['vintage schlager']
Carlo Francesco Pollarolo;['italian opera']
Yvonne Fair;['classic soul', 'motown']
Richard Anthony;['chanson', 'ye ye']
Corrado Lojacono;['vintage italian pop']
John Ashley;['antiviral pop', 'comic', 'otacore']
Cesare Valletti;['classical tenor', 'italian tenor']
Joseíto Fernández;['musica tradicional cubana', 'son cubano clasico']
Fred Panopio;['classic opm', 'manila sound']
Gina Cigna;['italian soprano']
Ernesto Tamayo;['classical guitar']
Said Rustamov;['caucasian classical']
Noel Harrison;['classic uk pop']
Erling Kroner;['danish jazz', 'faroese jazz']
Roy Chicago;['highlife']
Arthur Loesser;['historic piano performance']
Buzz Busby;['appalachian folk']
System Tazvida;['sungura']
Frank Melrose;['barrelhouse piano', 'boogie-woogie']
Charles Hackett;['vintage classical singing']
Myriam Marbe;['romanian contemporary classical']
Jacques Aubert;['baroque', 'french baroque']
Eva Knardahl;['nordic classical piano']
Fiorenzo Carpi;['vintage italian soundtrack']
Mykola Kolessa;['ukrainian classical']
Gene Conners;['jazz trombone']
Alcide Pavageau;['jazz double bass']
Roberto Ciotti;['italian blues']
Will Atkinson;['progressive house', 'progressive trance', 'progressive uplifting trance', 'trance', 'uplifting trance']
Juanito Valderrama;['cante flamenco', 'copla', 'flamenco', 'rumba']
Carlo Buti;['canzone napoletana', 'vintage italian pop']
Brian Brown;['nashville hip hop']
Javier Krahe;['cantautor', 'nueva cancion']
Dany Dauberson;['classic eurovision']
Ric Segreto;['classic opm', 'opm']
Waldemar Kmentt;['classical tenor']
Paul Kuhn;['classic schlager', 'vintage schlager']
Charlemagne;['kompa']
Maurice Chevalier;['cabaret', 'vintage hollywood']
John Bishop;['british comedy']
John Kirkpatrick;['british folk', 'traditional british folk']
Luther Vandross;['funk', 'motown', 'neo soul', 'new jack swing', 'quiet storm', 'r&b', 'soul', 'urban contemporary']
Bill Le Sage;['jazz vibraphone', 'library music']
Ilva Ligabue;['italian soprano']
Major Holley;['jazz double bass']
K. Frimpong;['afro psych', 'highlife']
George Elrick;['bothy ballad']
Domna Samiou;['greek folk']
Francesco Antonio Pistocchi;['italian baroque']
Jagdish Prasad;['hindustani vocal', 'indian classical']
Martin Slavin;['theme']
Pantelis Pantelidis;['greek pop']
Maria Capuana;['italian mezzo-soprano']
Smoky Babe;['louisiana blues']
Giuseppe Antonio Brescianello;['baroque', 'italian baroque']
Eduard Erdmann;['austro-german modernism', 'historic piano performance']
Ronnie Aldrich;['ballroom', 'easy listening', 'lounge']
Colette Deréal;['classic eurovision']
Blair Fairchild;['american modern classical', 'american romanticism']
Murray Adaskin;['canadian classical']
Gene Allison;['deep southern soul']
Kabban Mirza;['classic bollywood', 'ghazal']
Georg Kulenkampff;['historic classical performance']
Sara Martin;['late romantic era', 'violin']
Marv Johnson;['motown', 'rhythm and blues']
Otto Funk;['italian jazz fusion', 'modern funk']
Lindley Evans;['australian classical', 'australian classical piano']
Charles Mann;['swamp pop']
Giuseppe Taddei;['classical baritone', 'italian baritone', 'italian bass', 'opera']
Francisco Escudero;['early modern classical']
Leopold Jansa;['czech classical']
Irving Aaronson;['dixieland']
John Gary;['adult standards', 'easy listening', 'lounge']
Nikos Papazoglou;['classic greek pop', 'entehno', 'greek pop', 'laiko', 'rebetiko']
Axel Gade;['danish classical']
Gilda Mignonette;['canzone napoletana']
Andrea Parodi;['italian folk', 'musica sarda']
Wendy Rene;['memphis soul', 'southern soul']
Elizabeth Connell;['classical soprano']
Guiomar Novaes;['brazilian classical piano', 'historic piano performance']
Kelly Harrell;['appalachian folk', 'vintage country folk']
Géza Frid;['hungarian classical piano']
Elisabeth Höngen;['classical mezzo-soprano']
Daniel Deffayet;['classical saxophone']
Lex van Delden;['dutch contemporary classical']
Sun-sun;['alternative dance', 'australian dance', 'australian electropop', 'dance-punk', 'electropop', 'indietronica', 'neo-synthpop', 'new rave']
Lil' Chris;['chicago rap']
Ted Buckner;['jazz trumpet']
Mino Reitano;['canzone napoletana', 'classic italian folk pop', 'classic italian pop', 'musica calabrese']
Amparo Ochoa;['cantautor', 'mexican son', 'musica yucateca', 'nueva cancion', 'trova']
Rudy Lyle;['banjo']
Val Valentin;['banda', 'corrido', 'norteno', 'nuevo regional mexicano', 'regional mexican']
Hank Penny;['cowboy western', 'western swing']
Charley Patton;['acoustic blues', 'appalachian folk', 'blues', 'country blues', 'delta blues', 'pre-war blues', 'traditional blues', 'traditional folk']
Sergej Larin;['classical tenor']
Juan Carlos Paz;['latin classical']
Clarence Wijewardena;['classic sinhala pop', 'sinhala pop']
Youra Guller;['historic piano performance']
Marius Müller;['classic norwegian pop', 'norwegian rock']
Alexandra;['bachata', 'bachata dominicana', 'latin', 'tropical']
Matt McGinn;['scottish folk']
Carolina Cotton;['cowboy western', 'yodeling']
Ferdinand Frantz;['classical bass']
Georg Rhau;['german renaissance']
Milton Cardona;['afro-cuban traditional']
Gino Vanelli;['italian baritone']
Yolanda Brown;['jazz saxophone']
Seán Ó Riada;['irish classical', 'irish folk', 'jig and reel']
Aram Tigran;['kurdish folk', 'kurdish pop']
Armando;['bolero', 'cancion melodica', 'latin', 'latin pop', 'musica yucateca', 'velha guarda']
Edwin Carr;['new zealand classical']
Georg Österreich;['german baroque']
Al Singer;['american folk revival', 'traditional folk']
Wally Tax;['nederpop']
Duilio Del Prete;["canzone d'autore"]
Jane Green;['vintage jazz']
Linda McCartney;['classic uk pop']
Ankaralı Namık;['arabesk', 'oyun havasi']
Marguerite Monnot;['broadway']
Terence MacDonagh;['classical oboe']
Will Glahé;['vintage schlager']
Stephen Bruton;['austin americana']
Thomas Hemsley;['classical baritone']
Ernesto De Curtis;['canzone napoletana']
Gene Eugene;['canadian ccm', 'deep christian rock']
Dirtsman;['old school dancehall']
Jon Lucien;['jazz funk']
Lothar Koch;['classical oboe']
Peter Anders;['classical tenor']
Theodore Bikel;['klezmer', 'russian folk']
Jack Hylton;['big band', 'british dance band', 'vintage jazz']
Osvaldo Fresedo;['orquesta tipica', 'tango', 'vintage tango']
Buck Griffin;['rockabilly']
Nellie Wallace;['music hall']
John Baker;['acousmatic', 'hauntology', 'theme']
Antoni Stolpe;['polish classical']
Walter Donaldson;['tin pan alley']
Hans Hopf;['classical tenor']
Sándor Kónya;['classical tenor']
John Hawkins;['traditional soul']
Lu Watters;['ragtime']
Odoardo Spadaro;['vintage italian pop']
Birgit Kronström;['sotalaulut']
Péter Máté;['classic hungarian pop']
Risë Stevens;['classical mezzo-soprano']
Manos Loïzos;['bouzouki', 'laiko', 'rebetiko']
Mel Taylor;['blues', 'electric blues', 'modern blues']
Andrea Zani;['baroque', 'italian baroque']
John Arpin;['canadian classical piano']
Mario Schiano;['jazz saxophone']
Joe Medwick;['deep southern soul']
Marty Gold;['moog', 'space age pop']
Giuseppe Anselmi;['italian tenor', 'vintage classical singing']
Susan Allen;['latin christian']
Brendan O'Dowda;['irish ballad']
Paddy Canny;['irish fiddle', 'jig and reel']
Ferdinand Weiss;['romanian classical piano']
Hugo Staehle;['german romanticism']
Billy Bean;['jazz guitar']
Cemil Bey;['turkish classical']
Zeke Clements;['cowboy western']
Carlo Tagliabue;['italian baritone']
Clarence Whitehill;['vintage classical singing']
Alain Vanzo;['classical tenor']
Richard Eilenberg;['german romanticism']
Mafalda Salvatini;['italian soprano']
Petronio Franceschini;['baroque']
Hilo Hattie;['vintage hawaiian']
Alan Rowlands;['british classical piano']
Komitas;['caucasian classical', 'oriental classical']
Mike Waterson;['traditional british folk', 'yorkshire folk']
Al Alberts;['australian pop', 'australian singer-songwriter', 'folk-pop', 'indie anthem-folk']
Alam Lohar;['pakistani folk', 'sufi']
Ralph Mooney;['oklahoma country']
Víctor Yturbe;['bolero', 'bolero mexicano']
Ruggiero Ricci;['violin']
Monguito;['latin jazz', 'salsa international']
Dumisani Maraire;['mbira', 'zim urban groove']
Harry Babasin;['jazz double bass']
Emilio Pericoli;['swing italiano']
Curtis Gordon;['rockabilly', 'traditional rockabilly']
Luis Alberto del Paraná;['arpa paraguaya', 'folklore paraguayo', 'polca paraguaya']
Milly;['reggaeton flow', 'trap latino']
Flemming Jørgensen;['classic danish pop', 'dansktop']
Paolo Silveri;['italian baritone']
Rosa Balistreri;['folk siciliana', 'italian folk']
Kennedy Jones;['electronic trap']
Graziella Pareto;['vintage classical singing']
Butch Moore;['classic eurovision']
Camillo Cortellini;['madrigal']
Surjit Bindrakhia;['bhangra', 'classic bhangra', 'desi hip hop', 'desi pop']
Dimitri Fampas;['greek guitar']
Graham Collier;['british jazz']
Hetty Blok;['dutch cabaret', 'muziek voor kinderen', 'vintage dutch pop']
Rusty Wier;['texas country']
Johnny Otis;['jazz blues', 'jump blues', 'rhythm and blues', 'rock-and-roll']
Elisabeth Schwarzkopf;['classical performance', 'classical soprano', 'opera']
Salem Allan;['middle eastern traditional']
Josephine Lang;['german romanticism', 'late romantic era']
Jon Vickers;['classical tenor', 'opera']
Rodion Azarkhin;['contrabass']
Keith Hudson;['dub', 'reggae', 'roots reggae']
Zara Nelsova;['cello', 'classical cello', 'historic classical performance']
Arthur Coquard;['french opera']
Clifford Thornton;['deep free jazz', 'free jazz']
Richard Egües;['orquesta tropical']
Onie Wheeler;['rockabilly', 'traditional rockabilly']
Heinrich Bach;['baroque', 'german baroque']
John Powell;['british soundtrack', 'scorecore', 'soundtrack']
Richard Holm;['instrumental soul', 'jazz funk', 'jazz organ', 'soul jazz']
Arthur Fiedler;['adult standards', 'easy listening']
Francesco Uttini;['galante era']
Charles King;['folk-pop', 'shimmer pop']
Jeremias Nguenha;['musica mocambicana']
Freddy Breck;['classic schlager', 'nederpop', 'volksmusik']
Ludvig Norman;['swedish classical']
Don Grolnick;['jazz piano']
Sam Woodyard;['jazz drums']
Jean Carignan;['folklore quebecois']
Lou Perez;['latin jazz', 'salsa international']
Alex Konadu;['highlife']
Sieglinde Wagner;['classical contralto']
Scipione Dentice;['italian renaissance']
Geeta Dutt;['classic bollywood', 'classic pakistani pop', 'filmi', 'ghazal', 'sufi']
Esmeray;['classic turkish pop', 'turkish psych']
Edward Fisher;['british classical piano']
Ella Fitzgerald;['adult standards', 'jazz blues', 'swing', 'vocal jazz']
Dalida;['chanson', 'french pop']
Giuseppe Nessi;['italian tenor']
Christian Falk;['swedish electropop', 'swedish soul']
Michael Head;['chamber psych']
Louis Moreau Gottschalk;['american romanticism']
Florencio Constantino;['vintage classical singing']
Pietro Generali;['early romantic era']
Julius Wechter;['space age pop']
Ljiljana Buttler;['sevdah']
Charles A. Prince;['synth funk']
Noah Howard;['free improvisation', 'new orleans jazz']
Chuck Wagon;['bluegrass gospel', 'country gospel', 'southern gospel']
Brunhilde Sonntag;['german contemporary classical']
Harcharan Garewal;['punjabi folk']
Big Maceo Merriweather;['barrelhouse piano', 'chicago blues', 'piano blues', 'traditional blues']
Johann Friedrich Doles;['galante era']
Stephen Gately;['bubblegum dance']
Arleen Auger;['classical soprano', 'opera']
Paul Burwell;['british experimental']
Bridie Gallagher;['irish country']
Peter Kreuder;['vintage schlager']
Wim De Craene;['classic belgian pop', 'kleinkunst']
Jon Eardley;['jazz trumpet']
Googie René;['rare groove']
Edmond Clément;['vintage classical singing']
Sammy Babitzin;['classic finnish pop']
Floyd Cramer;['easy listening', 'honky-tonk piano', 'nashville sound']
Renato Sellani;['italian jazz']
Adamo Didur;['vintage classical singing']
Myron Floren;['accordion', 'polka']
Martha Raye;['swing revival']
Kari Tapio;['classic finnish pop', 'classic iskelma', 'iskelma', 'suomi rock']
Pete Jolly;['jazz trio']
Stefano Scodanibbio;['contemporary classical', 'contrabass']
César Guerra-Peixe;['brazilian classical', 'latin classical']
Daniil Shafran;['cello', 'classical cello']
Giulio Neri;['italian bass']
Johann Jacob Bach;['german baroque']
Christoph Bach;['classical era']
William Lloyd Webber;['british modern classical']
Dickie Goodman;['novelty', 'parody']
Marie Hall;['historic classical performance']
Stanley Black;['ballroom', 'easy listening', 'exotica', 'light music', 'lounge']
Hildegarde;['torch song']
Carl Friedrich Zöllner;['german romanticism']
Jāzeps Vītols;['baltic classical']
Oscar Castro-Neves;['bossa nova']
Robert Byrne;['deep soft rock']
David Tudor;['acousmatic', 'american contemporary classical', 'avant-garde', 'free improvisation']
Emilio De Marchi;['italian tenor']
Izabella Yurieva;['russian romance']
La Niña de los Peines;['cante flamenco', 'flamenco', 'nuevo flamenco', 'rumba']
Sardi;['contemporary vocal jazz', 'swing']
Jaak Joala;['estonian pop']
Sammy Masters;['oklahoma country', 'rockabilly']
Iqbal Bano;['classic pakistani pop', 'ghazal', 'sufi']
Sigbjørn Bernhoft Osa;['hardingfele']
Giulio Fioravanti;['italian baritone']
Peter Broggs;['dub', 'reggae', 'roots reggae']
Lucho Bermúdez;['classic colombian pop', 'cumbia', 'porro']
Agustarello Affré;['vintage classical singing']
Giulio Crimi;['italian tenor']
Piero de Palma;['classical tenor', 'italian tenor', 'opera']
Luciano Tajoli;['canzone napoletana', 'classic italian folk pop', 'classic italian pop', 'vintage italian pop']
Carlos Torres Vila;['folklore argentino', 'pop romantico']
Charles-Édouard Lefebvre;['french romanticism']
Ismael Silva;['samba', 'velha guarda']
Joseph Willcox Jenkins;['concert band']
Ned Washington;['movie tunes']
Fadhili William;['benga']
Théodore Salomé;['french romanticism']
Diego del Gastor;['flamenco', 'flamenco guitar']
Juthika Roy;['bhajan']
Anthony Rolfe Johnson;['choral', 'classical tenor']
Percy Faith;['adult standards', 'easy listening', 'lounge']
Michael Carr;['contemporary country', 'country', 'country pop', 'country road', 'modern country rock', 'redneck']
Alí Primera;['classic venezuelan pop', 'nueva cancion', 'venezuelan rock']
Kulwinder Dhillon;['bhangra', 'classic punjabi pop', 'punjabi pop']
Hermann Necke;['german romanticism']
Harry Akst;['tin pan alley']
Ronnie Self;['rock-and-roll', 'rockabilly', 'traditional rockabilly']
Tito Guízar;['ranchera']
Caridad Hierrezuelo;['musica tradicional cubana', 'son cubano clasico']
Gene Rodgers;['boogie-woogie']
Frank C. Stanley;['vaudeville']
Nini Rosso;['easy listening']
Mabel Wayne;['tin pan alley']
Richard Hofmann;['german romanticism']
Antonio Casimir Cartellieri;['classical era']
Michele Mascitti;['italian baroque']
Emil Sjögren;['swedish classical']
Frank La Forge;['american modern classical', 'historic piano performance']
Paul Klengel;['german classical piano']
Herivelto Martins;['velha guarda']
Buster Bailey;['jazz clarinet']
Soni Pabla;['bhangra', 'desi hip hop', 'punjabi pop']
Beto;['corrido', 'deep regional mexican', 'norteno', 'nuevo regional mexicano', 'regional mexican']
Emilis Melngailis;['baltic classical']
Friedrich Wilhelm Jähns;['german romanticism']
Jeanne Behrend;['historic piano performance']
Elsie Baker;['vaudeville']
Nunzio Gallo;['canzone napoletana', 'classic eurovision']
Gábor Gabos;['hungarian classical piano']
William Masselos;['american classical piano']
Peter Allen;['australian rock']
Conny Vandenbos;['classic belgian pop', 'levenslied', 'nederpop', 'vintage dutch pop']
Kim Brown;['float house']
Iwan Knorr;['german romanticism']
Sammy Cahn;['tin pan alley']
Arsenio Rodríguez;['bolero cubano', 'latin jazz', 'mambo', 'musica tradicional cubana', 'son cubano']
Aldo Protti;['classical baritone', 'italian baritone']
Bob Azzam;['arab groove']
Alberto Socarras;['cha-cha-cha', 'jazz cubano', 'jazz flute']
Belle Stewart;['bothy ballad']
Horst Fischer;['jazz trumpet']
Elena Burke;['bolero cubano', 'musica tradicional cubana', 'trova']
Luigi Infantino;['italian tenor']
Edvard Fliflet Bræin;['norwegian classical']
Armand-Louis Couperin;['baroque', 'french baroque', 'galante era']
Sonny Boy Nelson;['country blues', 'delta blues']
Jimmy Radcliffe;['northern soul']
Nida Tüfekçi;['turkish folk']
Big Tiny Little;['honky-tonk piano']
Isham Jones;['tin pan alley']
Art Mooney;['deep adult standards']
Reynaldo Hahn;['french romanticism', 'operetta', 'post-romantic era']
Guilherme de Brito;['samba', 'velha guarda']
Peg Leg Sam;['country blues']
Géo Voumard;['swiss jazz']
Alberto Morán;['tango', 'vintage tango']
Amirbai Karnataki;['classic bollywood', 'filmi']
Roger Frampton;['australian jazz']
Arthur Guitar Boogie Smith;['country boogie']
Raquel Meller;['copla']
Andrzej Kurylewicz;['polish jazz']
Pasha Hristova;['classic bulgarian pop']
Alessandro Bonci;['italian tenor', 'vintage classical singing']
Pierre Bachelet;['chanson', 'french pop', 'vintage french electronic']
King Bennie Nawahi;['vintage hawaiian']
Jonče Hristovski;['macedonian folk']
Julie Wilson;['australian jazz']
Una Mae Carlisle;['torch song', 'vintage jazz']
Adolf Eduard Marschner;['german romanticism']
Margaret Singana;['xhosa']
Alan Lomax;['appalachian folk', 'spirituals', 'traditional blues', 'traditional folk']
Guy Boucher;['chanson quebecois']
Wynona Carr;['jump blues', 'rhythm and blues']
K. G. Ginde;['hindustani vocal', 'indian classical']
Louise Massey;['vintage western']
Georges Hamel;['chanson quebecois', 'country quebecois']
Anselmo López;['classic venezuelan pop']
Mick Mulligan;['dixieland']
Silvestre Vargas;['mariachi', 'ranchera']
Nacio Herb Brown;['tin pan alley']
Teena Marie;['classic soul', 'disco', 'funk', 'motown', 'neo soul', 'new jack swing', 'post-disco', 'quiet storm', 'r&b', 'soul', 'urban contemporary']
Arnold van Mill;['classical bass']
Ray Henderson;['tin pan alley']
Rudi Godden;['vintage schlager']
David Whitfield;['deep adult standards']
Gus Kahn;['tin pan alley']
Robert Carr;['music hall']
William Black;['edm', 'melodic dubstep', 'pop edm', 'traprun']
Amadeus Webersinke;['german classical piano']
Dave Barbour;['lounge']
Marjorie Thomas;['classical mezzo-soprano']
Chris Jones;['audiophile vocal']
Christoph Nichelmann;['galante era']
Hong Nan-pa;['korean contemporary classical']
Johann Adam Birkenstock;['german baroque']
Claudio Rocchi;['italian progressive rock']
Robert Goulet;['adult standards', 'easy listening', 'lounge']
Silvana Armenulić;['narodna muzika', 'sevdah', 'turbo folk']
Arthur Collins;['vaudeville']
Giuseppe Borgatti;['italian tenor']
Katalin Nemes;['hungarian classical piano']
João Domingos Bomtempo;['classical era', 'early romantic era']
Julian Jordan;['big room', 'deep big room', 'dutch edm', 'edm', 'electro house', 'pop dance', 'pop edm', 'progressive electro house', 'sky room']
Georgia Lee;['australian blues', 'australian indigenous']
Volfgangs Dārziņš;['baltic classical']
Władysław Żeleński;['polish classical']
Noel Nicola;['nueva cancion', 'trova']
José Ardévol;['neoclassicism']
Catherine Sauvage;['vintage chanson']
Neil Chotem;['prog quebec']
Ray Moore;['black comedy']
Hoyt Ming;['vintage country folk']
Georg von Bertouch;['german baroque']
Celia Gámez;['vintage spanish pop']
Eldee Young;['jazz double bass']
Giovanni Felice Sances;['italian baroque', 'italian opera']
Stefano Rosso;["canzone d'autore", 'classic italian pop']
Édouard de Reszke;['vintage classical singing']
Nappy Lamare;['new orleans jazz']
Sam Singer;['vocal harmony group']
Miguel Aceves Mejía;['bolero', 'mariachi', 'ranchera']
Ayinde Barrister;['fuji']
Walter Damrosch;['american romanticism', 'historic orchestral performance']
Sayed Darwish;['arab folk', 'classic arab pop']
Nikos Gounaris;['rebetiko']
Harry Winter;['classic eurovision']
Neyyattinkara Vasudevan;['carnatic vocal', 'indian classical']
Gianni Poggi;['italian tenor']
Bai Hong;['vintage chinese pop']
Gale Storm;['deep adult standards']
Brewer Phillips;['chicago blues']
Don Fagerquist;['jazz trumpet']
V. G. Jog;['hindustani classical', 'hindustani instrumental', 'indian classical', 'indian violin']
Sergio Fiorentino;['italian classical piano']
Gé Korsten;['afrikaans']
Grethe Sønck;['classic danish pop', 'dansktop']
Riccardo Rognoni;['italian renaissance']
Hussein Fatal;['new jersey rap']
Julius Patzak;['classical tenor']
Dave Tarras;['klezmer', 'yiddish folk']
Keith Moon;['rock drums']
Fernando Corena;['classical bass', 'opera']
Penny Jay;['british country']
Michio Miyagi;['japanese classical', 'japanese traditional', 'koto']
Baby Wayne;['deep ragga']
Ernesto Badini;['italian baritone']
Carla Boni;['canzone napoletana', 'vintage italian pop']
Pierre Van Dormael;['belgian jazz']
Christopher Hogwood;['classical performance', 'historically informed performance', 'orchestral performance']
Alfredo De Angelis;['orquesta tipica', 'tango', 'vintage tango']
Andrzej Koszewski;['polish contemporary classical']
Mahlathini;['xhosa']
Galliano Masini;['italian tenor']
Camille Howard;['boogie-woogie']
Allauddin Khan;['hindustani classical', 'indian classical', 'sarod']
Louise Kirkby Lunn;['vintage classical singing']
Terry Lightfoot;['dixieland']
Jimmy Van Heusen;['tin pan alley']
Johann Sebastian Bach;['baroque', 'classical', 'early music', 'german baroque']
Tony Croatto;['musica jibara', 'puerto rican folk']
Mani Matter;['chinderlieder', 'mundart', 'swiss folk', 'swiss hip hop', 'swiss indie']
Victor Assis Brasil;['bossa nova', 'bossa nova jazz', 'brazilian jazz', 'samba-jazz']
Bjørn Johansen;['norwegian jazz']
David Carroll;['exotica', 'space age pop']
Ludwig Hirsch;['austropop', 'german rock', 'liedermacher']
Ludovic Lamothe;['haitian traditional']
Barney Wilen;['french jazz', 'jazz saxophone']
Martin Fay;['irish fiddle']
George Copeland;['historic piano performance']
Enrico Caruso;['canzone napoletana', 'italian tenor', 'opera', 'vintage classical singing']
Domenico Sarro;['italian baroque']
Charles Wood;['anglican liturgy', 'irish classical']
Kurt Edelhagen;['ballroom', 'german jazz']
Hasret Gültekin;['turkish folk']
John Hodges;['bebop', 'big band', 'cool jazz', 'hard bop', 'jazz', 'jazz saxophone', 'soul jazz', 'stride', 'swing']
Alison Stephens;['classical mandolin']
Mari Trini;['cancion melodica', 'cantautor', 'pop romantico']
David Schnaufer;['instrumental bluegrass', 'mountain dulcimer', 'old-time', 'string folk']
Shinichi Suzuki;['japanese classical']
Arthur Grumiaux;['classical performance', 'violin']
Rajae Belmlih;['classic moroccan pop']
Ede Staal;['streektaal']
František Maxián;['czech classical piano']
Topi Sorsakoski;['classic finnish pop', 'classic finnish rock', 'classic iskelma', 'iskelma', 'rautalanka', 'suomi rock']
Robert Mitchell;['british jazz', 'modern jazz trio']
Hans Henkemans;['dutch classical piano']
Giorgio Consolini;['canzone napoletana', 'classic italian folk pop', 'vintage italian pop']
Nitty Gritty;['bluegrass', 'country', 'country rock', 'folk', 'folk rock', 'mellow gold', 'roots rock', 'soft rock', 'traditional folk']
William Bell;['classic soul', 'funk', 'memphis soul', 'motown', 'soul', 'southern soul']
Ascanio Trombetti;['italian renaissance']
Paulo Moura;['bossa nova', 'choro', 'samba', 'velha guarda', 'violao']
Paco de Lucía;['flamenco', 'flamenco guitar', 'rumba']
Eugenio Fernandi;['italian tenor']
Vesta Tilley;['music hall']
Carlo Zecchi;['historic piano performance']
Philipp Buchner;['german baroque']
Champion Jack Dupree;['acoustic blues', 'barrelhouse piano', 'blues', 'electric blues', 'louisiana blues', 'memphis blues', 'new orleans blues', 'piano blues', 'rhythm and blues', 'traditional blues']
Paul Leka;['hi-nrg']
Brother Joe May;['gospel singers', 'praise']
Elisabetta Barbato;['italian soprano']
Michele Stratico;['galante era']
Cesáreo Gabaráin;['deep latin christian']
François Bazin;['french opera', 'french romanticism']
Phyllis Hyman;['classic soul', 'disco', 'funk', 'motown', 'neo soul', 'philly soul', 'post-disco', 'quiet storm', 'soul', 'urban contemporary']
Oscar Fetrás;['german romanticism']
Paolo Montarsolo;['classical bass', 'italian bass']
King Perry;['nigerian pop']
Karol Mikuli;['polish classical']
William Brand;['neo r&b']
Bernard Stevens;['british modern classical']
Freddie Mercury;['glam rock']
Aurelio Fierro;['canzone napoletana', 'classic italian folk pop', 'classic italian pop', 'vintage italian pop']
Hukwe Zawose;['mbira', 'tanzanian traditional']
Luís Goes;['fado']
Lucien Fugère;['vintage classical singing']
Jim Couza;['hammered dulcimer', 'string folk']
G. Devarajan;['mollywood']
Majrooh Sultanpuri;['classic bollywood']
Paul Brodie;['classical saxophone']
Fyodor Druzhinin;['viola']
John Doherty;['irish fiddle', 'jig and reel']
Manolo Caracol;['cante flamenco', 'copla', 'flamenco', 'rumba']
Roger Roger;['indie pop', 'pop']
Iva Pacetti;['italian soprano']
Violetta Villas;['classic polish pop']
Sofia Vembo;['greek swing']
Solhi al-Wadi;['oriental classical', 'syrian pop']
Norah Blaney;['music hall']
Vivian Ellis;['light music']
Joe Maini;['jazz saxophone']
Pete Chilver;['bath indie']
Jimmy Murphy;['country gospel']
Tokichi Setoguchi;['post-romantic era']
Aman Ali Khan;['classic pakistani pop', 'desi pop', 'filmi', 'modern bollywood', 'pakistani pop', 'sufi']
José Padilla;['chill lounge']
Ladislav Vodička;['classic czech pop', 'czech folk']
Mary Barratt Due;['nordic classical piano']
Suzy Solidor;['vintage chanson']
M. D. Banda;['banda', 'corrido', 'norteno', 'regional mexican']
Cornelio Reyna;['corrido', 'norteno', 'ranchera', 'regional mexican']
Eddie Peregrina;['classic opm']
John Kimmel;['vaudeville']
Ray Kennedy;['deep soft rock']
Benny Powell;['jazz trombone']
Masaru Sato;['japanese soundtrack']
Frieda Hempel;['vintage classical singing']
Dick Justice;['appalachian folk', 'old-time', 'vintage country folk']
David Lindup;['library music', 'spytrack']
Joe Young;['chicago blues']
Maria Nemeth;['vintage classical singing']
Crown Prince Waterford;['jump blues']
Dave Goodman;['german blues']
Jean Hubeau;['french classical piano']
Eddie Noack;['honky tonk', 'western swing']
Ernest van Dyck;['vintage classical singing']
George Kirby;['english renaissance']
Marino Marini;['classic italian pop']
Emanuel Vardi;['viola']
Bob Manning;['deep adult standards']
Nicola Rossi-Lemeni;['classical bass', 'italian bass']
August Wilhelm Bach;['german romanticism']
Maria Ivogün;['vintage classical singing']
Edward Meeker;['vaudeville']
Richard Mayr;['vintage classical singing']
Bobby Hebb;['motown', 'northern soul']
Clara Smith;['traditional blues']
John Forsell;['classic iskelma']
Dennis Irwin;['jazz double bass']
Oulaya;['classic tunisian pop', 'maghreb']
Ghulam Hassan Shaggan;['hindustani vocal', 'indian classical', 'pakistani folk']
Abing;['j-metal', 'j-poprock', 'oshare kei']
Salvatore Baccaloni;['italian bass']
Tan Crone;['dutch classical piano']
Torleiv Bolstad;['hardingfele', 'norwegian folk']
Pieter Hellendaal;['baroque', 'classical era', 'galante era']
Katalin Karády;['classic hungarian pop']
Anna von Mildenburg;['vintage classical singing']
Lakshmi Shankar;['hindustani classical', 'hindustani vocal', 'indian classical']
Jimmy Donley;['swamp pop']
Jules de Corte;['vintage dutch pop']
Ernest van der Eyken;['belgian contemporary classical']
Harry Betts;['jazz trombone']
Debbie Friedman;['judaica']
Albert West;['nederpop']
Gemma Bellincioni;['italian soprano', 'vintage classical singing']
André Navarra;['classical cello']
McKinley Mitchell;['chicago soul']
David Lloyd;['orchestral performance']
Buddy Ace;['southern soul blues']
Michael Maybrick;['victorian britain']
Big John Greer;['rhythm and blues']
Claudio Villa;['canzone napoletana', 'classic italian folk pop', 'classic italian pop']
Gaye Delorme;['paracana']
Alphonse Duvernoy;['french romanticism']
Claude Ballif;['french contemporary classical']
Juliusz Zarębski;['polish classical']
Joe Sentieri;['canzone genovese']
Kazimierz Wiłkomirski;['russian modern classical']
Gianni Marchetti;['vintage italian soundtrack']
Shmulik Kraus;['classic israeli pop', 'israeli rock']
Sherrick;['post-disco soul']
Cliff Nobles;['instrumental soul']
Jerry Holland;['canadian celtic', 'cape breton folk', 'scottish fiddle']
Staniša Stošić;['narodna muzika', 'serbian folk']
Jorge Cafrune;['chamame', 'folclore jujeno', 'folklore argentino', 'nueva cancion', 'polca paraguaya']
Willie Hutch;['classic soul', 'funk', 'jazz funk', 'motown', 'quiet storm', 'soul', 'southern soul']
Bobby Marchan;['rhythm and blues', 'southern soul']
Félix Leclerc;['auteur-compositeur-interprete quebecois', 'chanson quebecois', 'indie quebecois']
Veikko Lavi;['classic finnish pop', 'classic finnish rock', 'classic iskelma']
Julius Otto Grimm;['german romanticism']
Jorge Lazaroff;['canto popular uruguayo']
Félix Pérez Cardozo;['polca paraguaya']
Alfredo Belusi;['tango', 'vintage tango']
Moisés Simons;['son cubano']
Jimmy McHugh;['tin pan alley']
Josef Antonín Plánický;['bohemian baroque']
William Bennett;['classical flute', 'classical performance']
Åke Persson;['swedish jazz orkester']
Ted Dunbar;['jazz guitar']
Shirley Thoms;['classic australian country', 'yodeling']
Sam Mtukudzi;['sungura']
Ernesto Köhler;['italian romanticism', 'late romantic era']
Dindo Yogo;['soukous']
Bernard Peiffer;['french jazz']
Evert Taube;['classic swedish pop', 'folkmusik', 'swedish jazz', 'vintage swedish pop', 'visor']
Dirk Dirksen;['roots worship']
Johnny Green;['hollywood']
Adnan Şenses;['arabesk']
Ayten Alpman;['classic turkish pop', 'turkish jazz', 'turkish modern jazz', 'turkish pop']
Gene Rockwell;['afrikaans', 'south african country']
Carlo Galeffi;['italian baritone', 'vintage classical singing']
Beatriz da Conceição;['fado']
Ebenezer Prout;['victorian britain']
El Fary;['copla', 'pop flamenco', 'rumba']
Mexicano 777;['latin hip hop', 'rap boricua', 'reggaeton']
Madan Mohan;['classic bollywood', 'filmi', 'indian instrumental']
Alexander Vertinsky;['russian romance']
Andy Hughes;['future ambient']
Fred Bertelmann;['classic schlager', 'vintage schlager']
Tom Krause;['classical bass', 'opera']
Colacho Mendoza;['cumbia']
Maria Caniglia;['classical soprano', 'italian soprano']
Adi Lukovac;['bosnian indie', 'sevdah']
Alan Gowen;['canterbury scene']
Bernhard Christensen;['danish contemporary classical']
Gino Bechi;['italian baritone', 'vintage italian pop']
Rhené-Baton;['impressionism']
Hector Zazou;['fourth world']
Blade Icewood;['detroit hip hop', 'detroit trap']
Lizzi Waldmüller;['vintage schlager']
Peter Griffin;['channel pop']
Harry Brandelius;['classic swedish pop', 'vintage swedish pop']
Carl Story;['bluegrass', 'bluegrass gospel', 'traditional bluegrass']
Malaysia Vasudevan;['deep indian pop', 'filmi']
Al Stillman;['tin pan alley']
Jelly d'Arányi;['historic classical performance']
Clarisse Leite;['brazilian classical']
Peter Horan;['irish flute']
Fritz Heinrich Klein;['austro-german modernism']
Andy McGann;['irish fiddle']
Michael Galasso;['minimalism']
José Carlos Schwarz;['gumbe']
Albert Viau;['folklore quebecois']
Jacques Pills;['vintage chanson']
Maurice Abravanel;['orchestral performance']
Lisa Della Casa;['classical soprano', 'opera']
Bill DeArango;['jazz guitar']
Barry Morgan;['library music']
Gepy & Gepy;['deep disco']
Pauline Duchambge;['early romantic era', 'french romanticism']
Mumtaz Ali Khan;['pakistani folk']
Jimmy Duncan;['vintage swoon']
Theodore Oesten;['german romanticism']
Barry Brown;['dub', 'lovers rock', 'old school dancehall', 'reggae', 'roots reggae']
Pierre Moerlen;['canterbury scene']
Tommy Reilly;['scottish singer-songwriter']
Eon;['background music']
Theophilus Beckford;['rock steady']
He Luting;['chinese classical']
Alexander Ivashkin;['classical cello']
Tranquility Bass;['downtempo']
Gabby Pahinui;['hawaiian', 'hula', 'slack-key guitar']
Łucja Prus;['classic polish pop', 'poezja spiewana', 'sung poetry']
Harry Somers;['canadian classical']
Al Goodman;['canadian modern jazz']
Sheikh Imam;['arab folk']
Valentina Tolkunova;['classic russian pop']
Germán Coppini;['spanish new wave']
Wendell Marshall;['jazz double bass']
Lee Shot Williams;['soul blues', 'southern soul', 'southern soul blues']
Maryla Jonas;['historic piano performance']
Tyree Glenn;['jazz trombone']
Jaap Valkhoff;['vintage dutch pop']
Eduardo Sainz de la Maza;['classical guitar']
Johnny Wiggs;['new orleans jazz']
Leigh Harline;['movie tunes']
Jerry Reed;['country', 'country rock']
Margaret MacArthur;['mountain dulcimer']
Allen Shelton;['banjo']
Chris Harman;['canadian classical']
Joseph Royer;['french baroque', 'galante era']
Ronald Muldrow;['jazz guitar']
Paul Schöffler;['classical baritone']
Sunil Ganguly;['indian instrumental']
Lebo Mathosa;['afro soul', 'kwaito', 'south african jazz', 'south african pop']
Steve Nelson;['christian relaxative', 'christmas instrumental', 'lds', 'slc indie']
Vincent Youmans;['tin pan alley']
Xavier Leroux;['french romanticism']
Alessandro Longo;['italian romanticism']
Tommy Whittle;['jazz saxophone', 'scottish jazz']
Lapp-Lisa;['vintage swedish pop']
Kim Borg;['classical bass']
André Hodeir;['french jazz']
David Reichenberg;['baroque woodwind']
Madurai Mani Iyer;['carnatic', 'carnatic vocal', 'indian classical']
Vadim Kozin;['russian romance']
Xun Huisheng;['chinese opera']
Oreste Ravanello;['italian romanticism', 'post-romantic era']
Vlastimil Lejsek;['czech classical piano']
Zikmund Schul;['austro-german modernism']
C. P. de Silva;['cumbia colombiana regia']
Pnina Salzman;['israeli classical piano']
Eleanor Steber;['classical soprano']
John Littlejohn;['chicago blues']
Jozo Penava;['sevdah']
Carlo Mannelli;['italian baroque']
Herbert Murrill;['anglican liturgy', 'classical organ']
Max Band;['banda', 'nuevo regional mexicano', 'regional mexican']
Apollo Granforte;['italian baritone']
Fărâmiță Lambru;['muzica populara']
Klaus Tennstedt;['classical performance', 'orchestral performance']
George Guesnon;['new orleans blues']
Trịnh Công Sơn;['vietnamese pop']
Christiane Legrand;['french movie tunes']
Asprilio Pacelli;['italian baroque']
Franz Crass;['classical bass']
K-Swift;['bmore']
Heather Begg;['classical mezzo-soprano']
Laila Kinnunen;['classic finnish pop', 'classic finnish rock', 'classic iskelma', 'vintage finnish jazz']
Noël Lee;['american classical piano']
Herbie Harper;['jazz trombone']
Porfi Jiménez;['salsa international']
Daniel Darc;['modern salsa', 'pop peruano', 'salsa peruana']
Cecilia;['classical performance', 'italian orchestra', 'opera']
Clarice Mayne;['music hall']
Paul Dresser;['tin pan alley']
Necil Kazım Akses;['oriental classical']
Marcel Tournier;['harp', 'impressionism']
Brita Koivunen;['classic finnish pop', 'classic iskelma', 'musiikkia lapsille']
Azam Khan;['bangla']
Alfred Reisenauer;['german romanticism']
Renato Cioni;['italian tenor']
Ken Jones;['miami hip hop', 'viral trap']
Chaino;['thai idol']
Jorge Peixinho;['portuguese contemporary classical']
Ralph Marterie;['deep adult standards']
Tom Glazer;['novelty']
Karel Zich;['classic czech pop', 'czech folk']
Bill Miller;['native american']
M. D. Ramanathan;['carnatic', 'carnatic vocal', 'indian classical']
Edgar Leslie;['anglican liturgy']
A. T. Ummer;['mollywood']
Wilhelm Rust;['german romanticism']
Cella Delavrancea;['romanian classical piano']
Schoolboy Cleve;['swamp blues']
Carl Gustav Sparre Olsen;['norwegian classical']
Bernadette Greevy;['classical mezzo-soprano']
Georg Malmstén;['classic finnish pop', 'classic iskelma', 'musiikkia lapsille']
Jitendra Abhisheki;['hindustani classical', 'hindustani vocal', 'indian classical', 'marathi traditional']
Ayinde Bakare;['juju']
Óscar Avilés;['classic peruvian pop', 'musica afroperuana']
Roberto Murolo;['canzone napoletana', 'classic italian pop']
Red Dragon;['deep ragga', 'lovers rock', 'old school dancehall']
Giuseppe Anedda;['classical mandolin']
Masakazu Yoshizawa;['japanese traditional', 'shakuhachi']
Kris Biantoro;['classic indo pop']
Heinrich Werner;['german romanticism']
Billy Boyo;['old school dancehall']
Muharrem Ertaş;['baglama', 'bozlak', 'turkish folk']
Erich Kunz;['pops orchestra']
Pietro Vinci;['italian renaissance']
Martin Peerson;['english renaissance']
Jimmy Ponder;['jazz guitar']
Azer Bülbül;['arabesk', 'turkish hip hop']
Sid Bass;['moog', 'space age pop']
Sivuca;['bossa nova', 'forro', 'forro tradicional', 'jazz accordion', 'samba', 'samba-jazz', 'velha guarda']
Manolis Chiotis;['bouzouki']
Art Van Damme;['jazz accordion']
Licinio Refice;['italian opera']
Mario Sereni;['classical baritone', 'italian baritone']
Jack Hayes;['modern indie pop']
William Clarke;['blues', 'chicago blues', 'electric blues', 'harmonica blues', 'modern blues']
Martin Smith;['christelijk', 'uk worship', 'world worship', 'worship']
Georges Moustaki;['chanson']
Lee Sims;['texas blues']
Musiri Subramania Iyer;['carnatic', 'carnatic vocal', 'indian classical']
Harry Datyner;['swiss classical piano']
Phạm Duy;['v-pop', 'vietnamese singer-songwriter']
Lázaro Ros;['afro-cuban traditional']
Georg Händel;['baroque', 'classical', 'early music', 'english baroque', 'german baroque']
Carlos Puebla;['musica tradicional cubana', 'nueva cancion']
Bill Snyder;['deep adult standards']
Aureliano Pertile;['italian tenor']
Al Lerner;['argentine rock', 'latin pop', 'rock nacional']
Krzysztof Klenczon;['classic polish pop']
Feliks Nowowiejski;['polish classical']
Jan Maklakiewicz;['polish classical']
Jackson do Pandeiro;['bossa nova', 'brazilian indie', 'brazilian percussion', 'choro', 'coco', 'forro', 'forro tradicional', 'mpb', 'samba', 'velha guarda']
Mario Petri;['italian bass']
Teri Harangozó;['classic hungarian pop']
Stig Anderson;['show tunes']
Celeste Mendoza;['bolero cubano', 'cuban rumba', 'latin jazz', 'musica tradicional cubana']
Dimitar Nenov;['balkan classical piano']
Reshma;['classic bollywood', 'classic pakistani pop', 'ghazal', 'pakistani folk', 'sufi']
Seagram;['dirty texas rap', 'g funk']
Don Robertson;['deep adult standards']
Clive Dunn;['novelty']
Klaus Wiese;['dark ambient']
Teddy Grace;['jazz blues']
Lisa Lopes;['hip pop', 'r&b', 'urban contemporary']
Raimond Valgre;['baltic classical']
Albert Spalding;['historic classical performance']
Armando José Fernandes;['neoclassicism']
Arnold Mendelssohn;['german romanticism', 'post-romantic era']
Harry Macdonough;['vaudeville']
Chalino Sánchez;['corrido', 'deep regional mexican', 'norteno', 'nuevo regional mexicano', 'regional mexican']
Anders Frandsen;['classic eurovision']
Bjarne Nerem;['jazz saxophone', 'norwegian jazz']
Geminiano Giacomelli;['italian opera']
Sven Scholander;['visor']
Tony Martinez;['roots americana']
Dieter Acker;['german contemporary classical']
Budd Johnson;['big band', 'jump blues', 'rhythm and blues', 'swing']
Willy Alberti;['levenslied', 'nederpop', 'vintage dutch pop']
John Browning;['american classical piano']
Manuel Enríquez;['mexican classical', 'serialism']
Fernando Maurício;['fado']
E. A. Mario;['salsa international']
Mario Filippeschi;['italian tenor']
Zheng Cao;['chinese traditional', 'guzheng']
Antonio Machín;['bolero', 'bolero cubano', 'cancion melodica', 'musica tradicional cubana', 'rumba']
Bernard Herrmann;['classic soundtrack', 'soundtrack']
Harold Burrage;['chicago soul']
Mariano Stabile;['italian baritone']
Chitti Babu;['carnatic', 'carnatic instrumental', 'indian classical', 'veena']
Tamara Lund;['classic finnish pop', 'classic iskelma']
Bonaventura Somma;['italian romanticism']
Shizuko Kasagi;['enka']
Sluggy Ranks;['old school dancehall']
Salty Holmes;['harmonica blues']
Justin Heinrich Knecht;['german opera']
Rudolf Dellinger;['german opera', 'german romanticism', 'operetta']
Claire Croiza;['vintage classical singing']
Delia Murphy;['irish ballad']
Finn Mortensen;['nordic contemporary classical']
Graham Brazier;['classic nz pop']
Sigrid Onégin;['vintage classical singing']
Armand;['bolero', 'cancion melodica', 'latin', 'latin pop', 'musica yucateca', 'velha guarda']
Lev Vlassenko;['caucasian classical piano']
Thomas Chapin;['free jazz']
Alexander Spendiaryan;['caucasian classical']
Jack Sels;['bass trip']
Hy Zaret;['tin pan alley']
Imre Ungár;['hungarian classical piano']
Cesare Ciardi;['italian romanticism']
Jaroslav Filip;['slovak pop']
Juha Vainio;['classic finnish pop', 'classic finnish rock', 'classic iskelma', 'humppa', 'iskelma', 'suomi rock']
Marc Aryan;['classic turkish pop', 'turkish psych']
Rolf Just Nilsen;['barnemusikk', 'classic norwegian pop']
Novica Urošević;['narodna muzika']
Abe Lyman;['vintage jazz']
Oscar Buddy Woods;['texas blues']
Moses Khumalo;['south african jazz']
Santidev Ghosh;['rabindra sangeet']
Chano Lobato;['cante flamenco', 'flamenco', 'nuevo flamenco', 'rumba']
Rosetta Pampanini;['italian soprano', 'vintage classical singing']
Terry Jennings;['minimalism']
Ernst Haberbier;['german romanticism']
Nico Kaufmann;['swiss classical piano']
Lupus Hellinck;['early music', 'franco-flemish school', 'renaissance']
August Conradi;['german romanticism']
Marcel Ciampi;['historic piano performance']
Jimmy Woode;['jazz double bass']
Ferruccio Tagliavini;['classical tenor', 'italian tenor', 'vintage italian pop']
Naum Shtarkman;['russian classical piano']
Louise Reichardt;['early romantic era']
Kyrylo Stetsenko;['ukrainian classical']
Eugen Cicero;['classical jazz fusion']
Fred Steiner;['classic soundtrack']
J. C. Johnson;['contemporary country', 'country road', 'texas country']
Giacinto Prandelli;['italian tenor']
Bob Kames;['polka']
Katarzyna Sobczyk;['classic polish pop']
Raghunath Seth;['bansuri', 'hindustani classical', 'hindustani instrumental', 'indian classical']
Harold Adamson;['tin pan alley']
Wess;['alternative hip hop', 'east coast hip hop', 'hardcore hip hop', 'hip hop', 'turntablism']
Mark Spoelstra;['american folk revival']
Melvin Endsley;['arkansas country']
Yvar Mikhashoff;['wandelweiser']
Dock Walsh;['banjo', 'vintage gospel', 'vintage old-time']
Nico dei Gabbiani;['classic italian pop']
Chief Stephen Osita Osadebe;['highlife', 'igbo traditional']
Nicolaus Adam Strungk;['german baroque']
Karl Engel;['swiss classical piano']
Itamar Assumpção;['bossa nova', 'brazilian indie', 'mpb', 'musica infantil', 'musica popular paraense', 'samba', 'samba paulista', 'velha guarda']
Lou Bennett;['deep downtempo fusion']
William Brown;['indiecoustica']
Nino Oliviero;['vintage italian soundtrack']
Magda Olivero;['classical soprano', 'italian soprano']
Aracy de Almeida;['choro', 'samba', 'velha guarda']
Teri Thornton;['song poem']
William Grant Still;['african-american classical', 'american modern classical', 'early modern classical', 'harlem renaissance']
Johnny Collins;['shanty']
Martti Pokela;['finnish folk', 'kantele']
Erika Köth;['classical soprano']
Ziggy Elman;['jazz trumpet']
Jack Beaver;['library music']
Giacomo Rondinella;['canzone napoletana', 'vintage italian pop']
Aage Samuelsen;['danseband', 'norwegian gospel']
Lilis Suryani;['classic indo pop']
Reyhan;['deep turkish pop', 'turkish pop']
Frank Hutchens;['new zealand classical']
Maarten van Roozendaal;['dutch singer-songwriter']
Loyal Garner;['hawaiian']
Jean Casadesus;['orchestral performance']
Prodromos Tsaousakis;['rebetiko']
Vasily Zolotarev;['russian romanticism']
Lisa Kirk;['cabaret']
Terry Timmons;['rhythm and blues']
Monty Sunshine;['dixieland', 'jazz clarinet']
Moses Taiwa Molelekwa;['south african jazz']
Skeets Tolbert;['vintage jazz']
Otto Brandenburg;['classic danish pop', 'dansktop']
Big L;['contemporary country', 'country', 'country dawn', 'country road']
Soliman Gamil;['egyptian traditional', 'nubian traditional']
Jānis Ivanovs;['baltic classical']
Yank Lawson;['jazz trumpet']
Prince Far I;['dub', 'dub poetry', 'old school dancehall', 'reggae', 'roots reggae']
George Wallace;['black comedy']
Giannis Papaioannou;['bouzouki', 'rebetiko']
Phillip Martin;['smooth jazz', 'smooth saxophone']
Angelo Badà;['classic soundtrack', 'dark jazz', 'soundtrack']
Pierre Schaeffer;['acousmatic', 'avant-garde', 'electroacoustic composition', 'free improvisation', 'musique concrete', 'vintage french electronic']
George Crum;['american contemporary classical', 'avant-garde', 'contemporary classical']
Aruna Lama;['classic nepali pop', 'nepali pop']
Sergio Bruni;['canzone napoletana', 'vintage italian pop']
John Cole;['adult standards', 'bubblegum pop', 'country rock', 'folk rock', 'mellow gold', 'soft rock']
Crispian St. Peters;['british invasion', 'bubblegum pop', 'classic uk pop', 'merseybeat', 'rock-and-roll']
Warren Covington;['jazz trombone', 'space age pop']
Johnny Barfield;['country boogie']
Alex van Heerden;['south african jazz']
Saturno Meletti;['italian bass']
Fermo Dante Marchetti;['post-romantic era']
Ronald Stein;['classic soundtrack']
Pedro Vargas;['bolero', 'bolero mexicano', 'mariachi', 'ranchera']
Nina Koshetz;['vintage classical singing']
Lauro Rossi;['italian opera', 'italian romanticism']
Amancio D'Silva;['indian jazz']
Juan Oncina;['classical tenor']
Harriet Cohen;['historic piano performance']
Pietro Abbà Cornaglia;['italian romanticism']
Carlo Savina;['vintage italian soundtrack']
R. H. Harris;['acoustic pop', 'neo mellow']
Mirto Picchi;['italian tenor']
Joe Thomas;['rare groove']
John Patton;['ambient folk', 'indie anthem-folk', 'indiecoustica']
Mike Marshall;['bluegrass', 'classical mandolin', 'mandolin', 'progressive bluegrass']
Ken Brown;['polynesian pop']
Jesse Belvin;['doo-wop', 'rhythm and blues']
Vellore G. Ramabhadran;['carnatic instrumental', 'indian classical']
François Rebel;['french baroque', 'galante era']
Elena Gilels;['russian classical piano']
Cheb i Sabbah;['world fusion']
Maurice Jarre;['classic soundtrack', 'french soundtrack', 'soundtrack']
Tasha Thomas;['deep disco']
Sylvester;['disco', 'hi-nrg', 'post-disco']
Frank Valentino;['classic belgian pop']
Ivan Rebroff;['russian folk', 'russian romance']
Panos Gavalas;['laiko', 'rebetiko']
Cornell MacNeil;['classical baritone', 'opera']
Blaze Foley;['alternative country', 'cosmic american', 'country rock', 'folk', 'new americana', 'outlaw country', 'roots rock', 'singer-songwriter', 'traditional folk']
Maria Barrientos;['vintage classical singing']
B. Rajam Iyer;['carnatic vocal', 'indian classical']
George Siravo;['space age pop']
Olle Adolphson;['classic swedish pop', 'folkmusik', 'swedish jazz', 'vintage swedish pop', 'visor']
Donald Lambert;['stride']
Denis Rose;['pop chileno']
Forrest;['pop']
Arthur Roberts;['scottish fiddle']
Sonny Fisher;['rockabilly', 'traditional rockabilly']
Luther Magby;['vintage gospel']
Hans Kann;['austrian classical piano']
Georg Hann;['canadian indie', 'canadian singer-songwriter', 'deep new americana', 'vancouver indie']
Peg Leg Howell;['country blues', 'jug band', 'piedmont blues', 'traditional blues']
Hadj M'rizek;['chaabi algerien']
Arnold Krug;['german romanticism']
Tillman Franks;['rhythm and boogie']
Aram Khachaturian;['caucasian classical', 'classical', 'early modern classical', 'russian modern classical']
Walter Valdi;['musica lombarda']
Moreira da Silva;['pagode', 'samba', 'velha guarda']
Jeanne Lee;['avant-garde jazz', 'experimental vocal', 'free jazz']
Geoffrey Parsons;['art song']
Joseph Panny;['german romanticism']
Irene Taylor;['torch song']
Charles Trenet;['chanson']
Al Hopkins;['psychedelic jazz fusion']
Lester Bowie;['avant-garde jazz', 'free jazz', 'jazz trumpet']
Blair;['alternative r&b', 'bedroom pop', 'indie pop', 'modern rock']
Jackie Edwards;['lovers rock', 'rock steady']
Gertrude Niesen;['torch song']
Joe Venuti;['jazz violin', 'vintage jazz']
Leonardo Favio;['bolero', 'cancion melodica', 'cantautor', 'latin pop', 'pop romantico']
Anant Lal;['hindustani instrumental', 'indian classical']
Hans Reichel;['experimental guitar', 'free improvisation', 'sound art']
Jacobo Palm;['antilliaanse folklore']
Jacques Urlus;['vintage classical singing']
Heinrich Knote;['vintage classical singing']
Bebu Silvetti;['romantico']
Si Zentner;['easy listening', 'exotica', 'jazz trombone', 'lounge', 'space age pop']
Tránsito Cocomarola;['chamame']
Michel Roux;['french movie tunes']
Hans Münch;['historic orchestral performance']
David Bennett;['steampunk']
Emil Młynarski;['polish classical']
Hugh Blair;['anglican liturgy']
Luciano Gallet;['brazilian classical']
Perry Bradford;['harlem renaissance']
Joseph Schmidt;['vintage schlager']
Giovanni Marco Rutini;['galante era']
Pierre Vassiliu;['rock progressif francais']
Gilda dalla Rizza;['italian soprano']
Peter Mennin;['american modern classical', 'early modern classical']
Earl Washington;['deep motown']
Arthur Butterworth;['british modern classical']
Dan W. Quinn;['vaudeville']
Nazem Al-Ghazali;['khaleeji iraqi', 'middle eastern traditional']
Fred Åkerström;['classic swedish pop', 'folkmusik', 'swedish jazz', 'visor']
Johnny Doran;['uilleann pipes']
Paul Hill;['choral', 'classical performance']
Władysław Kędra;['polish classical piano']
Wally Rose;['ragtime']
Stefan Askenase;['belgian classical piano', 'historic piano performance', 'polish classical piano']
Pasquale Cafaro;['galante era', 'italian opera']
Émile Bernard;['late romantic era']
Peter Katin;['british classical piano']
G. V. Atri;['kannada bhava geethe']
Veriano Luchetti;['italian tenor']
G. M. Durrani;['filmi']
Jack Lawrence;['tin pan alley']
Niño Ricardo;['flamenco', 'flamenco guitar']
Leo Fuld;['klezmer']
Hugo Alfvén;['post-romantic era', 'swedish classical']
Abelardo Barroso;['bolero cubano', 'mambo', 'musica tradicional cubana', 'son cubano clasico']
Fotis Polymeris;['greek guitar']
Seymour Österwall;['swedish jazz orkester']
Elvira Casazza;['italian mezzo-soprano']
Randy Johnston;['jazz guitar']
Yves Nat;['historic piano performance']
Pedro Maffia;['bandoneon']
George Wild Child Butler;['chicago blues']
Al Bowlly;['adult standards', 'big band', 'british dance band', 'swing']
Robbie Basho;['american primitive', 'drone folk', 'new weird america', 'psychedelic folk']
Ilmari Hannikainen;['finnish classical']
Barbara Ruick;['vintage hollywood']
Dick Glasser;['vintage rockabilly']
Valeria Peter Predescu;['muzica populara']
Florindo Sassone;['nuevo tango', 'tango', 'vintage tango']
Jan Ekier;['polish classical piano']
Oralia Domínguez;['classical mezzo-soprano']
Giovanni Battista Somis;['italian baroque']
Johnny Bayersdorffer;['new orleans jazz']
Gloria Lasso;['cancion melodica']
K. B. Sundarambal;['carnatic vocal', 'indian classical']
Enric Madriguera;['vintage spanish pop']
Sean Dunphy;['irish country', 'irish folk']
Mighty King Kong;['kenyan pop']
Mark Kopytman;['israeli classical', 'oriental classical']
Hermann Bischoff;['german romanticism', 'post-romantic era']
Arkady Severny;['russian chanson']
Alton Purnell;['new orleans jazz']
Georgia Gibbs;['deep adult standards']
Amalia Molina;['copla']
Asad Ali Khan;['dhrupad', 'hindustani classical', 'hindustani instrumental', 'indian classical', 'veena']
John Day;['romantico']
Kokoro;['lo-fi beats']
Herva Nelli;['italian soprano']
Nicomedes Santa Cruz;['classic peruvian pop', 'musica afroperuana']
Mark Olf;['israeli folk']
Mohammed Abdel Wahab;['arab folk', 'belly dance', 'classic arab pop']
Pina Carmirelli;['italian violin']
John Mayer;['neo mellow', 'pop', 'pop rock', 'singer-songwriter']
Auguste Franchomme;['french romanticism']
Booty Wood;['jazz brass', 'jazz trombone']
Tofig Guliyev;['caucasian classical']
Tim Wright;['contemporary gospel', 'gospel']
Susan;['broadway', 'hollywood', 'movie tunes', 'show tunes']
Franz Xaver Gebel;['german romanticism']
Pedro Infante;['bolero', 'bolero mexicano', 'mariachi', 'ranchera']
Kay Swift;['tin pan alley']
Buddy DeSylva;['tin pan alley']
José Curbelo;['cha-cha-cha']
Franca Raimondi;['classic eurovision']
Bob French;['new orleans jazz']
Monna Bell;['bolero', 'cancion melodica']
Peerie Willie Johnson;['orkney and shetland folk']
Margaret Matzenauer;['italian mezzo-soprano', 'vintage classical singing']
Mahmoud Guinia;['gnawa']
Maria Carta;['italian folk', 'musica sarda']
Maria Teresa de Noronha;['fado']
Mordecai Seter;['israeli classical', 'oriental classical']
John-Edward Kelly;['classical saxophone']
Burt Bales;['ragtime']
Tony Scott;['jazz clarinet', 'meditation']
Eddie Durham;['jazz guitar']
Aniceto Molina;['chicha', 'cumbia', 'cumbia salvadorena']
Rich Matteson;['jazz tuba']
Otto Luening;['acousmatic', 'avant-garde', 'electroacoustic composition', 'musique concrete']
Dave Sampson;['canadian singer-songwriter', 'cape breton indie']
Antonio Brunelli;['italian baroque']
Georges Brassens;['chanson', 'french pop', 'french rock']
Ted Fio Rito;['tin pan alley']
Dorothy Parker;['irish classical', 'poetry']
Mario Migliardi;['vintage italian soundtrack']
Martti Talvela;['classical bass']
Ester Soré;['folklore chileno']
Herbert Campbell;['music hall']
Kaspar Fürstenau;['german romanticism']
Wayne Perry;['dubstep', 'gaming dubstep']
Judith Nelson;['classical soprano']
Roger Webb;['library music']
Jef Gilson;['french jazz']
Winston Mankunku Ngozi;['south african jazz']
Buddy Johnson;['big band', 'jump blues', 'rhythm and blues', 'swing']
Kaka Bhaniawala;['bhangra', 'classic punjabi pop']
Dick Cathcart;['jazz trumpet']
William Murdoch;['historic piano performance']
Ralph Gomberg;['classical oboe']
Johannes Kuhlo;['classical trombone']
Earl Humphrey;['jazz trombone']
Marcella Pobbe;['italian soprano']
Marzieh;['classic persian pop', 'persian traditional']
Harry Shields;['jazz clarinet', 'new orleans jazz']
Johann Jakob Walther;['german baroque']
Emmett Berry;['jazz trumpet']
Robert Broberg;['classic swedish pop', 'danspunk']
Sherman Walt;['classical bassoon']
Eugene Stratton;['music hall']
James Alan Shelton;['bluegrass gospel']
John King;['contemporary country', 'country pop']
Jorge Reyes;['musica prehispanica', 'rock progresivo mexicano']
Jimmy Holiday;['deep southern soul']
Kostas Mountakis;['kritika']
Steve Jordan;['tejano']
Gus Williams;['australian indigenous']
Marika Ninou;['greek swing', 'rebetiko']
Billy Mure;['exotica', 'lounge']
Fitnete Rexha;['albanian folk']
Carlo Cossutta;['classical tenor', 'italian tenor']
Erhard Karkoschka;['german contemporary classical']
William Herschel;['classical era']
Zeb Turner;['country boogie']
Johnny Scott;['library music']
Adán Sánchez;['banda', 'corrido', 'deep regional mexican', 'norteno', 'regional mexican']
Asep Sunandar Sunarya;['sundanese traditional']
Dieter Zechlin;['german classical piano']
Robert Stevenson;['reading']
Faramarz Payvar;['persian traditional', 'santur']
Salil Chowdhury;['classic bollywood']
Doctor Clayton;['barrelhouse piano', 'traditional blues']
Dollar Bill;['brooklyn indie']
Giacomo Rimini;['italian baritone']
Flaviano Labò;['classical tenor', 'italian tenor']
Daniel Friderici;['german renaissance']
Alice Nielsen;['vaudeville']
Precious Bryant;['piedmont blues']
Ludwig Minkus;['post-romantic era']
Jakob Meiland;['german baroque']
Gisele MacKenzie;['deep adult standards']
Thomas Koppel;['danish contemporary classical']
Nino Bravo;['cantautor', 'pop romantico', 'spanish pop']
Dennis Hennig;['australian classical piano']
José Feghali;['brazilian classical piano']
Peter Gutteridge;['dunedin indie', 'dunedin sound']
Jane Froman;['torch song', 'vintage hollywood']
Vijay Raghav Rao;['bansuri', 'hindustani classical', 'hindustani instrumental', 'indian classical']
Frank Ferera;['vintage hawaiian']
Jorge Negrete;['bolero', 'mariachi', 'ranchera']
Jimmy Wyble;['vintage western']
Nicolae Sulac;['moldovan pop', 'muzica populara']
Barkat Sidhu;['punjabi folk']
Mikel Laboa;['basque folk', 'euskal rock']
Collin Walcott;['ecm-style jazz', 'sitar']
Fereydoun Farrokhzad;['classic persian pop']
Bobby Lee Trammell;['rockabilly', 'traditional rockabilly']
Tomaso Antonio Vitali;['baroque', 'italian baroque']
Mercy Dee Walton;['jump blues']
Samuel Arnold;['classical era']
Frank Valdor;['ballroom']
Hadj Menouar;['chaabi algerien']
Clark Gesner;['broadway']
Celestina Boninsegna;['italian soprano', 'vintage classical singing']
Tomás de Torrejón y Velasco;['latin american baroque', 'spanish baroque']
Ovila Légaré;['folklore quebecois']
Jean Vallée;['classic eurovision']
Luciano Cilio;['post-minimalism']
Eddie Bond;['neo-rockabilly', 'rock-and-roll', 'rockabilly']
Carlos Palenque;['folklore boliviano']
Ray Foxley;['dixieland']
Filippo Galli;['italian bass']
Leonard Rose;['classic soundtrack']
Margaret Singer;['gospel singers']
Luboš Fišer;['czech contemporary classical']
Pumpkin;['alternative metal', 'alternative rock', 'grunge', 'permanent wave', 'pop rock', 'rock']
Johnny Cash;['arkansas country', 'outlaw country']
Francesco Mancini;['baroque', 'italian baroque']
Raul Torres;['trova']
Hōzan Yamamoto;['shakuhachi']
Andy Tielman;['indorock']
B. J. Baker;['ambient folk', 'art pop', 'indie folk', 'indie pop', 'indie rock']
Alex Welsh;['dixieland', 'scottish jazz']
Basil Kirchin;['british experimental', 'moog', 'spytrack', 'theme']
Augusto Martelli;['vintage italian soundtrack']
Sébastien de Brossard;['french baroque']
Gustav Winckler;['classic danish pop', 'dansktop']
Andreas Hallén;['swedish classical']
Eugen Malmstén;['sotalaulut', 'vintage finnish jazz']
George Alexander;['vaudeville']
Lovelace Watkins;['deep northern soul']
Peter Schmalfuss;['german classical piano']
Hugo Blanco;['classic venezuelan pop']
Samuel Dushkin;['historic classical performance']
Pier Miranda Ferraro;['italian tenor']
Jack Elliott;['american folk revival', 'appalachian folk', 'country rock', 'folk', 'traditional folk']
Dennis Taylor;['smooth soul']
Dorothy Fields;['tin pan alley']
Dharmadasa Walpola;['classic sinhala pop']
Aladdin;['broadway']
Ralph Rainger;['tin pan alley']
Chester Zardis;['new orleans jazz']
Carter Albrecht;['dallas indie']
Edward Johnson;['vintage radio show']
Tom Robb;['show tunes']
Dermot O'Reilly;['nl folk']
Virgilio Mortari;['early avant garde']
Jean Madeira;['classical mezzo-soprano']
Ramata Diakité;['desert blues', 'mande pop', 'musique mandingue', 'wassoulou']
Antonio de Almeida;['galante era', 'portuguese early music']
Victor Borge;['comic']
Roberto Szidon;['brazilian classical piano']
Gerry Goffin;['brill building pop']
Vincenzo La Scola;['italian tenor']
Maria Dimitriadi;['entehno']
General Johnson;['beach music']
Gordon Lorenz;['theme']
Caspar Othmayr;['german renaissance']
Jānis Mediņš;['baltic classical']
Don Rondo;['deep adult standards']
Jackie Brenston;['rock-and-roll']
J. R. Monterose;['jazz saxophone']
Victor Schiøler;['historic piano performance']
Joseph C. Smith;['vaudeville']
Scotty;['contemporary country', 'country', 'country road', 'modern country rock']
Nara Leão;['bossa nova', 'brazilian jazz', 'mpb', 'samba', 'tropicalia', 'velha guarda']
Hugo Richard Jüngst;['german romanticism']
Hadidjah;['gamelan']
Raoul Pugno;['historic piano performance']
Jean Ritchie;['american folk revival', 'appalachian folk', 'kentucky mountain folk', 'mountain dulcimer', 'old-time', 'string folk', 'traditional folk']
Libby Holman;['torch song', 'vintage swing']
Laura Lynn;['classic belgian pop', 'levenslied']
Gottfried Huppertz;['classic soundtrack', 'german soundtrack']
Charanjit Singh;['indian electronic']
Paul Jabara;['deep disco']
Rita Streich;['classical soprano', 'opera']
Nati Cano;['mariachi']
Hélène Baillargeon;['folklore quebecois']
Arno Babajanian;['caucasian classical']
August Nölck;['german romanticism']
Cali Carranza;['tejano']
Ernie Fields;['deep adult standards']
Ezio Flagello;['classical bass']
Larry Verne;['novelty']
Steve Race;['library music']
Tibor Harsányi;['hungarian classical piano']
Şenay;['pop venezolano']
V. Kumar;['deep indian pop', 'desi hip hop', 'filmi', 'tamil pop']
Tadeusz Szeligowski;['polish classical']
Jerry Fielding;['classic soundtrack', 'space age pop']
Rudi Schuricke;['classic schlager', 'vintage schlager']
Vanity;['dark clubbing', 'synthwave']
Rena Galibova;['tajik traditional']
Shailendra;['classic bollywood', 'filmi', 'ghazal']
Umm Kulthum;['arab folk', 'belly dance', 'classic arab pop']
Louis Glass;['danish classical', 'post-romantic era']
Gloria Lynne;['vocal jazz']
Lionel Newman;['classic soundtrack']
Markku Peltola;['new weird finland']
Tara Devi;['classic nepali pop', 'nepali pop']
Giuliano Ciannella;['italian tenor']
Sabu Martinez;['cuban rumba', 'latin jazz']
Andy Razaf;['tin pan alley']
Mitchell Parish;['tin pan alley']
Luiz Bonfá;['bossa nova', 'brazilian jazz', 'jazz guitar', 'samba-jazz', 'violao']
Louis Quilico;['classical baritone']
Cliff Friend;['tin pan alley']
John O'Banion;['yacht rock']
Marc Lavry;['israeli classical', 'oriental classical']
Roger Guérin;['french jazz']
Iris Loveridge;['british classical piano', 'historic piano performance']
Forbes Robinson;['classical bass']
Margie Rayburn;['deep adult standards']
Elinor Remick Warren;['american romanticism']
Homesick James;['blues', 'chicago blues', 'traditional blues']
Billy Thorpe;['australian rock']
Georg Wilhelm Rauchenecker;['german romanticism']
Armandinho;['brazilian reggae', 'brazilian rock', 'reggae gaucho', 'rock gaucho']
Charles Sanford Skilton;['american romanticism']
Con Conrad;['australian pop', 'australian talent show']
Oleksandr Bilash;['ukrainian classical']
Douglas Cummings;['cello']
Burton Lane;['broadway']
Frank Bencriscutto;['concert band']
Sasha Argov;['israeli classical', 'oriental classical']
Boris Christoff;['classical bass']
Bob Ricketts;['smooth saxophone']
Ann Ronell;['tin pan alley']
Sai Htee Saing;['burmese pop']
Andrés Segovia;['classical guitar', 'guitarra clasica', 'historic classical performance']
Marios Tokas;['cypriot pop', 'rebetiko']
Lars Erstrand;['jazz vibraphone', 'swedish jazz']
Alvin Alcorn;['new orleans jazz']
Emīls Dārziņš;['baltic classical']
Ginger Rogers;['vintage hollywood']
Ivo Vinco;['classical bass', 'italian bass']
Joe E. Lewis;['blues rock', 'deep new americana', 'funk', 'modern blues', 'modern blues rock', 'modern funk', 'punk blues']
Milú;['turbo folk']
Kurt Masur;['classical performance', 'orchestral performance']
Mark Ryan;['gospel reggae']
Robert Riefling;['nordic classical piano']
Ray Whitley;['cowboy western', 'vintage swoon', 'yodeling']
Gaither Carlton;['appalachian folk', 'clawhammer banjo', 'old-time']
Dinorá de Carvalho;['brazilian classical']
Aris San;['classic israeli pop', 'mizrahi']
Blind Alfred Reed;['appalachian folk', 'country gospel', 'vintage country folk', 'vintage old-time']
Joseph Ahrens;['austro-german modernism']
Count Ossie;['nyahbinghi']
Ludvig Birkedal-Barfod;['danish classical']
Dr Sir Warrior;['igbo traditional']
Grethe Kausland;['classic norwegian pop']
Blanche Marchesi;['vintage classical singing']
John H. Lee;['blues', 'blues rock', 'classic rock', 'delta blues', 'electric blues', 'memphis blues', 'modern blues', 'soul', 'traditional blues']
Günter Kochan;['german contemporary classical']
Erik Schmedes;['vintage classical singing']
Emilinha Borba;['baiao', 'velha guarda']
Fiorello Giraud;['italian tenor']
Gunadasa Kapuge;['classic sinhala pop', 'sinhala pop']
Afro Poli;['italian baritone']
John Casimir;['jazz clarinet', 'new orleans jazz']
Carlos Azevedo;['portuguese contemporary classical']
Blanche Winogron;['harpsichord']
Lolita Sevilla;['copla', 'spanish classical']
Jack Marshall;['lounge']
Walter Rehberg;['historic piano performance']
Giovanni Antonio Rigatti;['italian baroque']
Alda Noni;['classical soprano', 'italian soprano', 'vintage schlager']
Fayza Ahmed;['classic arab pop', 'syrian pop']
Cy Touff;['jazz trumpet']
Elly Wamala;['ugandan pop']
Liz Lands;['deep motown']
Angelo Francesco Lavagnino;['vintage italian soundtrack']
Damon Edge;['synth punk']
Rolf Cahn;['american folk revival']
Don Law;['contemporary gospel', 'gospel']
Louie Ramirez;['jazz vibraphone', 'latin jazz', 'salsa', 'salsa international']
Arun Sarnaik;['marathi pop']
Annie Fischer;['historic piano performance', 'hungarian classical piano']
Marisa Sannia;['classic italian pop']
Johnny Alf;['bossa nova', 'bossa nova jazz', 'mpb', 'samba-jazz', 'velha guarda']
Peter Bocage;['new orleans jazz']
Georg Forster;['german renaissance', 'renaissance']
August Wenzinger;['viola da gamba']
Tommy Blom;['swedish rock-and-roll']
Robin Gibb;['classic uk pop', 'soft rock']
Shlomo Carlebach;['jewish pop', 'judaica']
Louise Homer;['vintage classical singing']
Sipra Bose;['hindustani vocal', 'indian classical']
Thomas Baltzar;['german baroque']
Alvin Cash;['chicago soul', 'instrumental soul']
Bill Thompson;['disney', 'movie tunes']
Lucha Reyes;['classic peruvian pop']
Lina Pagliughi;['italian soprano']
Johann Peter Pixis;['german romanticism']
Peter Igelhoff;['vintage schlager']
Mack Vickery;['vintage rockabilly']
Billy Cotton;['british dance band']
Anne Shelton;['british dance band']
Giuliano Bernardi;['italian tenor']
Yandé Codou Sène;['mbalax']
Bartolomeo Campagnoli;['classical era']
R. R. Patil;['indian instrumental']
Nicola Arigliano;['canzone napoletana', 'classic italian pop', 'swing italiano']
Heinrich Wilhelm Ernst;['czech classical', 'early romantic era']
Charley Lincoln;['country blues', 'piedmont blues']
Joe Loco;['lounge']
Lojze Slak;['slovenian folk', 'slovenian pop']
Gösta Snoddas Nordgren;['vintage swedish pop']
Luca Antonio Predieri;['baroque', 'italian baroque', 'italian opera']
Ingebrigt Davik;['barnemusikk']
Kenyon Hopkins;['space age pop']
Lou Stein;['honky-tonk piano']
Hannah Williams;['retro soul']
Rocky Roberts;['beat italiano', 'classic italian pop']
Ray Conniff;['adult standards', 'easy listening', 'lounge']
John Steel;['australian indie rock']
Antonio Scotti;['italian baritone', 'vintage classical singing']
Hetty King;['music hall']
Valborg Aulin;['post-romantic era', 'swedish classical']
Josh Graves;['bluegrass', 'instrumental bluegrass', 'traditional bluegrass']
Whoopee John;['polka']
Bellerofonte Castaldi;['italian baroque']
Morteza Neydavoud;['persian traditional', 'tar']
Georg Schumann;['german romanticism']
Willie Brady;['irish rebel song']
Manolo Muñoz;['bolero', 'mexican rock-and-roll']
John Stubblefield;['jazz saxophone']
Johann Christian Fischer;['classical era']
Fernando Valenti;['harpsichord']
Sebastian Aguilera de Heredia;['spanish renaissance']
Ishbel MacAskill;['scottish gaelic folk']
John Mundy;['english renaissance']
Harry Beckett;['british jazz']
Andreas Dippel;['vintage classical singing']
Júnior;['broadway', 'show tunes', 'vocal jazz']
Ik-Hwan Bae;['korean classical performance']
Irakli Charkviani;['georgian alternative', 'georgian pop']
Pascual Marquina Narro;['post-romantic era']
Bernie McGann;['australian jazz']
Leonard Nimoy;['comic', 'outsider']
Gabrielle Roth;['shamanic']
Bobby Nunn;['boogie']
Andrea Bernasconi;['galante era']
Ral Donner;['doo-wop']
Dalva de Oliveira;['samba', 'velha guarda']
Saint George;['classical era']
Sayed Mekawy;['classic arab pop']
Streamline Ewing;['jazz trombone']
Nicola Zaccaria;['classical bass', 'opera']
Caterina Mancini;['italian soprano']
Johann Christoph Bach;['classical era']
Carlos;['champeta', 'colombian pop', 'latin', 'latin pop', 'tropical', 'vallenato']
Lord Melody;['calypso']
Francesco Graziani;['italian baritone']
Stewart Macpherson;['oratory']
James Nares;['galante era']
Lin Youren;['chinese traditional', 'guqin']
Louis Coerne;['american modern classical']
Siegfried Ochs;['german romanticism']
Thomas Adams;['victorian britain']
Franco Bracardi;['italian library music']
George Cates;['deep adult standards']
Johnny Lytle;['jazz vibraphone', 'soul jazz']
Steve Gray;['library music', 'spytrack']
Sol Hoʻopiʻi;['steel guitar', 'ukulele']
Erwin Lehn;['german jazz']
Johnny St. Cyr;['new orleans jazz']
Willie Kent;['chicago blues', 'electric blues']
Hans Ulrich Engelmann;['german contemporary classical']
Stanisław Barcewicz;['historic classical performance']
Lafayette Leake;['boogie-woogie', 'piano blues']
Dimitri Arakishvili;['caucasian classical']
Ludwig Berger;['early romantic era']
Murray Grand;['cabaret']
Sunny Skylar;['tin pan alley']
Emilie Zumsteeg;['early romantic era', 'german romanticism']
Blanche Arral;['vintage classical singing']
Eddie Mapp;['country blues', 'harmonica blues']
Irena Jarocka;['classic polish pop']
Purshottam Das Jalota;['bhajan']
Oldřich František Korte;['czech contemporary classical']
Dick Farney;['bossa nova', 'velha guarda']
Al Debbo;['afrikaans']
Sesto Bruscantini;['classical baritone', 'italian bass', 'opera']
Edmonia Henderson;['traditional blues']
Rafael Frühbeck de Burgos;['spanish classical']
Algernon Ashton;['british modern classical']
Larry Shields;['jazz clarinet']
Alexander Arutiunian;['caucasian classical']
Antonio Molina;['copla', 'rumba']
Alasdair Gillies;['bagpipe', 'traditional scottish folk']
Ariel Camacho;['corrido', 'nuevo regional mexicano', 'regional mexican', 'sierreno']
Rodel Naval;['classic opm']
Arne Bendiksen;['classic norwegian pop']
George Lashwood;['music hall']
Malani Bulathsinhala;['classic sinhala pop']
Helen Miller;['contemporary gospel']
Rudy Vallée;['british dance band', 'vintage jazz']
Michael Holliday;['deep adult standards', 'merseybeat', 'rock-and-roll']
Stanyslav Lyudkevych;['ukrainian classical']
Tomasz Szukalski;['polish jazz']
Charles Ives;['american modern classical', 'avant-garde', 'classical', 'early modern classical', 'outsider', 'post-romantic era']
Johann I;['classical', 'late romantic era', 'operetta']
Layne Redmond;['kirtan']
Alice Faye;['torch song', 'vintage hollywood']
Pia Tassinari;['italian mezzo-soprano']
Ben Bernie;['vintage jazz']
Carmelo Bernaola;['spanish contemporary classical']
Henri Albers;['vintage classical singing']
Philippe Clay;['vintage chanson']
Violet Gordon-Woodhouse;['harpsichord']
Léon Escalaïs;['vintage classical singing']
Adriana Guerrini;['italian soprano']
Manuel García;['cantautor', 'chilean indie', 'chilean rock', 'latin rock', 'nueva cancion', 'nueva trova chilena', 'pop chileno', 'trova']
Adolph Deutsch;['classic soundtrack']
William Waterhouse;['classical bassoon']
Sonny Okosun;['african reggae', 'afrobeat', 'highlife']
Jorge Galemire;['canto popular uruguayo']
Hamilton Camp;['american folk revival']
Per Grundén;['vintage swedish pop']
John Bingham;['british classical piano']
Lucho Barrios;['nueva cancion']
Aleksander Michałowski;['historic piano performance', 'polish classical', 'polish classical piano']
Konrad Ruhland;['gregorian chant']
Oskar Lindberg;['swedish classical']
Leo Smit;['avant-garde jazz', 'contemporary jazz', 'free improvisation', 'free jazz', 'jazz trumpet', 'tzadik']
Blind Joe Reynolds;['deep delta blues', 'traditional blues']
Pál Szécsi;['classic hungarian pop']
Franz Bendel;['german romanticism']
Gordon Duncan;['bagpipe']
Master Blaster;['bubblegum dance', 'eurodance', 'europop', 'hands up']
Bill Coday;['southern soul', 'southern soul blues']
Edric Connor;['nyahbinghi']
Walter Haynes;['steel guitar']
Thomas Pitfield;['british modern classical']
Luis Pérez Meza;['mariachi', 'ranchera']
Johann Baptist Wendling;['galante era']
E. T. Mensah;['highlife']
Karl Moik;['volksmusik']
Poornachandra Tejaswi;['sandalwood']
Antonio Lolli;['galante era']
Victor Capoul;['vintage classical singing']
Jindřich Feld;['czech contemporary classical']
Michael Chapman;['british folk', 'drone folk', 'folk rock', 'traditional folk', 'yorkshire folk']
Harry Hibbs;['nl folk']
Karel Duba;['classic czech pop']
Cheb Aziz;['rai']
Tony Meehan;['rock drums']
Muslim Magomayev;['azeri pop', 'bard', 'classic russian pop', 'russian rock']
Judy Garland;['adult standards', 'hollywood', 'lounge', 'torch song', 'vocal jazz']
Juke Boy Bonner;['blues', 'texas blues']
Gianna Pederzini;['italian mezzo-soprano']
Lynden David Hall;['british soul', 'neo soul']
Norman Bailey;['classical bass']
Rocío Dúrcal;['bolero', 'cancion melodica', 'latin', 'latin pop', 'ranchera']
Michael Christian Festing;['galante era']
Angela Morley;['light music']
Shang Xiaoyun;['chinese opera']
Lloyd Charmers;['early reggae', 'rock steady']
Heinrich Schwemmer;['german baroque']
Jens Book-Jenssen;['classic norwegian pop']
R. M. Hare;['irish fiddle', 'jig and reel']
Angèle Arsenault;['chanson quebecois', 'musique acadienne', 'musique pour enfant quebecois']
Laurie Anders;['art pop', 'art rock', 'bow pop', 'compositional ambient', 'experimental', 'experimental pop', 'experimental vocal', 'laboratorio']
Twinkle;['sleep']
Pixie Williams;['classic nz pop']
Nazzareno De Angelis;['italian bass']
Set Svanholm;['classical tenor']
Adrien Barthe;['late romantic era']
Romey Gill;['bhangra', 'punjabi pop']
Dan Spătaru;['romanian rock']
Johannes Matthias Sperger;['classical era']
Carl Gottlieb Reissiger;['german romanticism']
Gerard Victory;['irish classical']
Fatime Sokoli;['albanian folk']
Inbal Perlmuter;['israeli rock']
Pasquale Amato;['vintage classical singing']
Francy Boland;['big band']
Wilson Simonal;['bossa nova', 'mpb', 'pagode', 'samba', 'tropicalia', 'velha guarda']
Boris Lyatoshinsky;['ukrainian classical']
Al Lewis;['bass trap', 'electronic trap', 'traprun', 'vapor twitch']
Hamako Watanabe;['ryukoka']
Neşet Ertaş;['baglama', 'bozlak', 'oyun havasi', 'turkish folk']
Slim Rhodes;['arkansas country']
Lil Phat;['baton rouge rap', 'deep southern trap', 'dirty south rap', 'trap']
Ole Bull;['norwegian classical']
Johnny Coles;['jazz trumpet']
Jean Ferrat;['chanson', 'french pop']
Émile Benoît;['nl folk']
William Thomas McKinley;['contemporary classical', 'early modern classical']
Ramnad Krishnan;['carnatic', 'carnatic vocal', 'indian classical']
João Nogueira;['samba']
Johann Samuel Beyer;['german baroque']
Miguel Montero;['tango', 'vintage tango']
Lucia Valentini Terrani;['classical mezzo-soprano', 'italian mezzo-soprano']
Peppermint Harris;['jump blues']
Pierre van Maldere;['galante era']
Umanji;['south african jazz']
Alain Marion;['classical flute']
Stefano Pavesi;['italian opera']
Philip Sainton;['classic soundtrack']
Carlos d'Alessio;['french soundtrack']
Janine Micheau;['classical soprano']
Wojciech Żywny;['polish classical']
Eddie Cano;['space age pop']
Merl Saunders;['jam band']
Engel Lund;['icelandic traditional']
Eduard Khil;['classic russian pop']
Jimmy Gourley;['jazz guitar']
Fenton Robinson;['blues', 'electric blues', 'louisiana blues', 'swamp blues']
Gérard Rinaldi;['french movie tunes']
Steve Mann;['drone folk']
Frank Carter;['modern alternative rock', 'modern rock']
Sophie Carmen Eckhardt-Gramatté;['canadian classical']
Grigoris Asikis;['rebetiko']
David Hemmings;['classic psychedelic rock']
John Banister;['english baroque']
Anton van Rooy;['vintage classical singing']
Marl Young;['kansas city hip hop']
Ray Still;['classical oboe']
Vassilis Tsitsanis;['bouzouki', 'laiko', 'rebetiko']
José Guardiola;['cancion melodica', 'spanish invasion']
Kate Loder;['early romantic era']
Stoner;['rap', 'trap']
Willy Schneider;['kolsche karneval', 'vintage schlager']
Bernardo de Muro;['italian tenor']
Albert Campbell;['vaudeville']
Werner Haas;['german classical piano']
Nelson Cavaquinho;['bossa nova', 'choro', 'mpb', 'pagode', 'samba', 'velha guarda']
Moe Keale;['hawaiian']
Johnny Mercer;['adult standards', 'big band', 'easy listening', 'lounge', 'swing', 'tin pan alley', 'vocal jazz']
Percy Kahn;['historic classical performance']
Billy More;['italo dance']
James Brown;['funk', 'motown', 'soul']
Gabriel Dupont;['french romanticism', 'impressionism', 'post-romantic era']
Ria Bartok;['ye ye']
Keef Hartley;['blues rock', 'british blues', 'psychedelic blues-rock', 'psychedelic rock']
Mohamed Jamoussi;['classic tunisian pop']
Joe Jones;['indie jazz', 'indie soul', 'neo r&b', 'uk contemporary jazz']
Margherita Grandi;['italian soprano']
Rahim Fahimuddin Dagar;['dhrupad', 'hindustani vocal', 'indian classical']
Cherifa;['kabyle', 'rai']
Dick Charles;['reading']
Héctor Varela;['bandoneon', 'orquesta tipica', 'tango', 'vintage tango']
Conrad Friedrich Hurlebusch;['german baroque']
Goce Nikolovski;['macedonian folk']
Larry Adler;['harmonica jazz']
Bénigne de Bacilly;['french baroque']
Johann Christoph Pezel;['baroque', 'bohemian baroque', 'german baroque']
Sigrid Arnoldson;['vintage classical singing']
Christine Charbonneau;['auteur-compositeur-interprete quebecois']
Rosa King;['merengue']
Sidney Miller;['samba', 'velha guarda']
Goebel Reeves;['yodeling']
Maurice Gibb;['soft rock']
Lydia Mendoza;['tejano']
Edyth Walker;['vintage classical singing']
Carl Hardebeck;['irish classical']
Derek Hammond-Stroud;['classical baritone']
Mohamed Rouicha;['chaabi marocain', 'classic moroccan pop', 'rai']
Richard A. Whiting;['tin pan alley']
Oleg Kagan;['violin']
Josef Suk;['classical', 'czech classical', 'post-romantic era']
Richard Hale;['canadian folk']
Pepe Marchena;['cante flamenco', 'copla']
Hansl Krönauer;['alpine yodeling', 'volksmusik']
Raju Ananthaswamy;['kannada bhava geethe']
Michel Warlop;['jazz violin']
Firoza Begum;['bangla']
James Friskin;['british classical piano']
Felix Woyrsch;['german romanticism']
Józef Wieniawski;['polish classical']
Major Lance;['beach music', 'brill building pop', 'chicago soul', 'classic soul', 'motown', 'northern soul', 'rhythm and blues', 'soul']
Clamor Heinrich Abel;['german baroque']
Connie Haines;['deep motown']
Big Daddy Kinsey;['chicago blues']
José Asunción Flores;['latin classical']
Bud Green;['southern gospel']
Uña Ramos;['andean flute', 'folclore jujeno', 'musica andina']
Carroll Gibbons;['british dance band']
Joseph Payne;['harpsichord', 'historical keyboard']
Giuseppe Valdengo;['italian baritone']
David Kellner;['german baroque']
Flora Perini;['italian mezzo-soprano']
Joel Engel;['israeli classical']
Conrad Baden;['norwegian classical']
Fernando Valades;['bolero']
Giovanni Battista Bassani;['baroque', 'italian baroque']
Frank Churchill;['disney', 'movie tunes']
George W. Johnson;['vaudeville']
Gladys Ripley;['classical contralto']
Manik Varma;['hindustani vocal', 'indian classical', 'marathi traditional']
Povl Kjøller;['bornesange', 'classic danish pop', 'danish pop rock']
Tommy Durden;['song poem']
Don Davis;['classic soundtrack', 'scorecore', 'soundtrack']
Gerardo Gandini;['latin classical']
Werner Wolf Glaser;['swedish contemporary classical']
Léonce;['experimental club', 'grimewave']
Babik Reinhardt;['gypsy jazz', 'jazz guitar']
Anne Øland;['nordic classical piano']
Luis Aguilé;['pop romantico', 'spanish invasion']
Mani Krishnaswami;['carnatic', 'carnatic vocal', 'indian classical']
Enrique Jorrín;['cha-cha-cha']
Peter Hofmann;['classical tenor']
Tancredi Pasero;['italian bass']
Billy Butler;['chicago soul', 'northern soul']
Eddie Fisher;['adult standards', 'deep adult standards', 'easy listening', 'lounge']
Jacob of Serugh;['coptic hymn']
Carl Crack;['digital hardcore', 'sound collage']
John White;['alabama indie', 'indie folk', 'new americana']
Albert Sammons;['historic classical performance']
Deborahe Glasgow;['lovers rock']
C. Jérôme;['chanson', 'classic french pop']
Cleophus Robinson;['praise']
Antonio Cortis;['vintage classical singing']
Vesta Victoria;['music hall', 'vaudeville']
Adolphe Maréchal;['vintage classical singing']
Frankie Jaxon;['vintage swing']
Fathead;['canadian blues']
Johann II;['classical', 'late romantic era', 'operetta']
B. A. Rolfe;['vintage jazz']
Nechama Hendel;['classic israeli pop']
Rúnar Júlíusson;['classic icelandic pop']
Harry Lauder;['music hall', 'vaudeville']
Wladimiro Ganzarolli;['italian bass']
Berkant;['classic turkish pop']
Ravi;['desi hip hop', 'filmi', 'tamil hip hop']
Charles Griffes;['american modern classical', 'impressionism']
Violet Archer;['canadian indie']
Bobby Paunetto;['jazz vibraphone']
Joel Helleny;['jazz trombone']
Terry Bonchaka;['azonto', 'hiplife']
R. K. Srikantan;['carnatic vocal', 'indian classical']
Lapiro de Mbanga;['makossa', 'zouglou']
Regina Smendzianka;['polish classical piano']
Friedrich Wilhelm Rust;['classical era']
Gino Sinimberghi;['italian tenor']
Roger Smalley;['australian classical', 'australian classical piano']
Bernard Greenhouse;['classical cello']
Krishna Kalle;['classic bollywood', 'marathi traditional']
Robert Young;['country pop']
Simone Battle;['talent show']
Frank Sinatra;['adult standards', 'easy listening', 'lounge']
West Nkosi;['south african jazz']
Patachou;['vintage chanson']
Paul Fox;['dub reggae', 'uk dub']
Blind Joe Taggart;['country gospel', 'deep delta blues', 'vintage country folk', 'vintage gospel']
Merl Lindsay;['country boogie']
Johnny Meijer;['jazz accordion', 'vintage dutch pop']
Yakov Flier;['russian classical piano']
Félia Litvinne;['vintage classical singing']
Harry Burleigh;['african-american classical', 'american romanticism']
Les Spann;['jazz flute']
Jan Gerard Palm;['antilliaanse folklore', 'late romantic era']
June Allyson;['vintage hollywood']
Jean Noté;['vintage classical singing']
Enrico Mainardi;['historic classical performance']
Marco Bordogni;['italian tenor']
Sam Spence;['library music', 'marching band']
Seán Potts;['uilleann pipes']
State of Bengal;['world fusion']
Meyer Kupferman;['serialism']
Elliot del Borgo;['concert band']
Hal McKusick;['jazz saxophone']
Mike Sammes;['vocal harmony group']
Svatopluk Havelka;['czech contemporary classical']
Edgar Manas;['caucasian classical']
Zubaida Khanum;['classic pakistani pop', 'ghazal', 'sufi']
Charles-Simon Catel;['french opera']
Dinah Shore;['adult standards', 'big band', 'deep adult standards', 'easy listening', 'lounge', 'swing', 'torch song', 'vocal jazz']
Eddy Wally;['classic belgian pop']
Joe Hill;['memphis blues', 'one-person band']
Grover Mitchell;['jazz trombone']
Don Julian;['classic soul', 'rhythm and blues', 'souldies']
Jack Ross;['chicago soul']
James Cavanaugh;['yacht rock']
Carmélia Alves;['baiao', 'forro', 'forro tradicional']
Peder Møller;['danish experimental', 'nordic ambient']
Eila Pellinen;['classic finnish pop', 'classic iskelma']
Archie Semple;['classical clarinet', 'scottish jazz']
Subandrio;['focus trance']
Ugo Savarese;['italian baritone']
Miguel Bernal Jiménez;['mexican classical']
Yossi Banai;['classic israeli pop']
Lucrezia Orsina Vizzana;['italian baroque']
Zygmunt Noskowski;['late romantic era', 'polish classical']
Renato Capecchi;['classical baritone', 'italian baritone', 'italian bass']
Machito;['jazz cubano', 'latin jazz', 'mambo', 'musica tradicional cubana']
Ted Koehler;['tin pan alley']
Amanat Ali Khan;['classic pakistani pop', 'desi pop', 'filmi', 'modern bollywood', 'pakistani pop', 'sufi']
John Murphy;['epicore', 'scorecore', 'soundtrack']
Lynsey de Paul;['classic uk pop']
Pathanay Khan;['pakistani folk', 'sufi']
James Thomas;['broadway']
Sherman Edwards;['broadway']
Cuco Sánchez;['bolero', 'mariachi', 'mexican rock-and-roll', 'ranchera']
Michel Berger;['chanson', 'french pop', 'french rock']
Hendrik Andriessen;['dutch contemporary classical']
Randy Van Horne;['space age pop']
Lūcija Garūta;['baltic classical', 'baltic classical piano']
Hippolyte Belhomme;['vintage classical singing']
Paul Francis Webster;['hollywood']
Alfrēds Kalniņš;['baltic classical']
Robert Valentine;['english baroque']
Tommy Johnson;['delta blues']
Sean McGuire;['irish fiddle']
Bruno Lauzi;["canzone d'autore", 'canzone genovese', 'classic italian pop']
Carl T. Sprague;['cowboy western', 'vintage country folk']
Turner Layton;['british dance band']
Corrado Zambelli;['italian bass']
Choi Jin-young;['korean superband']
Lili Boniche;['chaabi algerien']
Bernd Clüver;['classic schlager', 'schlager', 'volksmusik']
Al Downing;['traditional rockabilly']
Rachmat Kartolo;['classic indo pop']
Ralph Willis;['country blues', 'piedmont blues']
Mort Dixon;['tin pan alley']
Alfredo Campoli;['italian violin']
Patricia Kern;['classical mezzo-soprano']
Preston Ware Orem;['american romanticism']
Ruth Welcome;['space age pop']
Magda Tagliaferro;['brazilian classical piano']
Feliks Janiewicz;['polish classical']
Mieczysław Munz;['polish classical piano']
Max Wagenknecht;['german romanticism']
Cesare Formichi;['italian baritone']
Giancarlo Bigazzi;['italian soundtrack']
Antonio Magini-Coletti;['italian baritone', 'vintage classical singing']
Singin' Sammy Ward;['deep motown']
David Parry;['opera']
Bernice Petkere;['tin pan alley']
LeRoy Holmes;['easy listening', 'exotica', 'lounge']
Blanche Ring;['vaudeville']
Gianni Raimondi;['classical tenor', 'italian tenor']
Tata Güines;['cuban rumba']
Silas Leachman;['vaudeville']
Robert Wells;['classic swedish pop']
Jessie Mae Hemphill;['blues', 'country blues', 'delta blues', 'traditional blues']
Henri Renaud;['french jazz']
Rusty Bryant;['soul jazz']
Lew Soloff;['jazz brass', 'jazz trumpet']
Giovanni Malipiero;['italian tenor']
Dan Hartman;['disco', 'post-disco']
Johann Schelle;['german baroque']
Ghazala Javed;['afghan pop']
Max Wall;['dutch moombahton']
Karl Ridderbusch;['classical bass']
Billy Murray;['vaudeville']
Vera Telenius;['classic iskelma']
Robert Docker;['light music']
Leonard Rosenman;['classic soundtrack']
Boris Shtokolov;['russian romance']
Max Goldin;['baltic classical']
Jimmy Zámbó;['classic hungarian pop', 'classic hungarian rock']
Ethel Hobday;['historic classical performance']
Ruby Hunter;['australian indigenous']
Don Ralke;['exotica', 'lounge', 'space age pop']
Barbara Jones;['lovers rock']
Louis Kaufman;['historic classical performance']
William Turner;['anglican liturgy', 'english baroque']
Don Patterson;['jazz organ', 'soul jazz']
Warren Harry;['tin pan alley']
Henri Salvador;['chanson', 'french pop']
Dave Lewis;['neo-classical']
Bennie Benjamin;['tin pan alley']
Albert Whelan;['music hall']
Severino Gazzelloni;['classical flute']
Ted Gärdestad;['classic swedish pop', 'swedish pop']
Karl Richter;['classical organ']
Francisco Lomuto;['orquesta tipica', 'tango', 'vintage tango']
Gelena Velikanova;['russian romance']
Eugenio Toussaint;['latin classical', 'mexican classical']
Bjarne Brustad;['norwegian classical']
Sandra Warfield;['cabaret']
Reuben Kee;['irish techno']
Morton Stevens;['classic soundtrack', 'theme']
Fernando De Lucia;['italian tenor', 'vintage classical singing']
Ken Thorne;['classic soundtrack']
Sylvia Telles;['bossa nova', 'brazilian jazz']
Bienvenido Granda;['bolero', 'bolero cubano', 'musica tradicional cubana']
Celius Dougherty;['american modern classical']
Édouard Du Puy;['early romantic era']
Gary McFarland;['jazz vibraphone']
Asa Singh Mastana;['punjabi folk']
Louis Köhler;['german romanticism']
Iveta Bartošová;['classic czech pop', 'slovak pop']
Adolph Hofner;['western swing']
Artemi Ayvazyan;['caucasian classical']
George Formby Sr;['music hall']
Karl Piutti;['german romanticism']
Riccardo Stracciari;['italian baritone', 'vintage classical singing']
Emigdio Ayala Báez;['polca paraguaya']
Willie Bryant;['vintage swing']
Nikoghayos Tigranian;['caucasian classical']
Joe Roland;['jazz vibraphone']
Tau Moe;['vintage hawaiian']
Charles Dalmorès;['vintage classical singing']
Emil Reesen;['danish classical']
Bob Marley;['reggae', 'roots reggae']
Bob Enevoldsen;['jazz brass', 'jazz trombone']
Momo Wandel Soumah;['afropop', 'mande pop', 'west african jazz', 'world']
Antonio Maria Mazzoni;['galante era']
Caitro Soto;['classic peruvian pop']
Shoshana Damari;['classic israeli pop']
Giacomo Vaghi;['italian bass']
Jean Catoire;['early avant garde', 'early music']
Andy Gibson;['modern country rock']
Huáscar Aparicio;['folklore boliviano']
Irving Kaufman;['vintage jazz']
Mose Vinson;['piano blues']
Frederic Cliffe;['victorian britain']
Cedric Brooks;['nyahbinghi']
Blind Blake;['acoustic blues', 'bahamian folk', 'blues', 'country blues', 'jug band', 'piedmont blues', 'pre-war blues', 'ragtime', 'traditional blues']
Zarina Baloch;['pakistani folk']
Anton Dermota;['classical tenor']
Will Marion Cook;['african-american classical']
Milton Banana;['bossa nova', 'brazilian jazz', 'samba-jazz']
Lorenzo Hierrezuelo;['son cubano']
Luiz Eça;['bossa nova', 'brazilian jazz', 'piano mpb']
Jānis Cimze;['baltic classical']
Pol Plançon;['vintage classical singing']
Mischa Levitzki;['historic piano performance', 'ukrainian classical piano']
J. Pat O'Malley;['disney', 'movie tunes']
Eldridge Holmes;['new orleans funk']
Jet Harris;['merseybeat', 'rock-and-roll']
Harry Gold;['jazz saxophone']
Spike Robinson;['jazz saxophone']
Maria Jeritza;['vintage classical singing']
Alan Breeze;['british dance band']
Luc Brewaeys;['belgian contemporary classical']
Billy Strange;['space age pop']
Anil Biswas;['classic bollywood']
Kélétigui Diabaté;['balafon']
Ola Belle Reed;['appalachian folk', 'banjo', 'north carolina roots', 'old-time', 'traditional folk']
Johnny Ace;['doo-wop', 'rhythm and blues']
Darío Moreno;['classic turkish pop']
Christian Ernst Graf;['galante era']
Giuseppe Branzoli;['late romantic era']
Jo Privat;['accordeon', 'accordion', 'bal-musette', 'jazz accordion']
Punch Miller;['jazz trumpet', 'new orleans jazz']
Gino Latilla;['canzone napoletana', 'vintage italian pop']
Samuel Coleridge-Taylor;['light music', 'post-romantic era', 'victorian britain']
Demetrio González;['mariachi', 'ranchera']
Claude François;['chanson', 'francoton', 'french pop', 'ye ye']
Johannes Kerkorrel;['african rock', 'afrikaans']
King Kester Emeneya;['african gospel', 'rumba congolaise', 'soukous']
Francesco Albanese;['italian tenor']
Pietro Castrucci;['baroque', 'italian baroque']
Master Dji;['haitian dance']
Jack Jersey;['levenslied', 'nederpop']
Brita Borg;['vintage swedish pop']
Desmond Leslie;['irish experimental', 'musique concrete']
H-Bomb Ferguson;['jump blues']
Jimmy Arnold;['instrumental bluegrass']
Paolo Lorenzani;['italian baroque']
Jozsef Gregor;['hungarian classical performance']
Peder Gram;['danish classical']
Russ Conway;['classic uk pop', 'easy listening', 'honky-tonk piano', 'merseybeat', 'old west', 'rock-and-roll']
Percy Fletcher;['light music']
William Moore;['piedmont blues']
Gordon Terry;['bluegrass fiddle']
Edward Downes;['opera']
Generoso Jiménez;['mambo', 'son cubano clasico']
Hector Ayala;['latin classical']
Kid Sheik;['jazz trumpet', 'new orleans jazz']
Tufail Niazi;['pakistani folk']
Trixie Smith;['harlem renaissance', 'vintage swing']
Bronisław Kaper;['classic soundtrack']
Ion Dolănescu;['muzica populara', 'romanian folk']
Natalie Hinderas;['american classical piano']
Mary Martin;['broadway']
Hubert Rostaing;['jazz clarinet']
Ariel Ramírez;['latin classical']
Johann Melchior Molter;['baroque', 'german baroque']
Stanley Kirkby;['music hall']
Enzo Mascherini;['italian baritone']
Charles Band;['funk', 'soul', 'southern soul']
Eva Taylor;['torch song']
Münir Nurettin Selçuk;['turkish classical', 'turkish jazz']
Louis Killen;['northumbrian folk', 'shanty', 'traditional british folk']
Emmy;['country rock', 'folk', 'folk rock', 'lilith', 'melancholia', 'mellow gold', 'roots rock', 'singer-songwriter', 'traditional folk']
Lord Kitchener;['calypso', 'rock steady']
Ron Grainer;['classic soundtrack', 'hauntology', 'theme']
Pat Flowers;['stride']
Knut Nystedt;['contemporary classical', 'nordic contemporary classical']
Gioconda de Vito;['historic classical performance', 'italian violin']
Walter Van Brunt;['vaudeville']
George Duvivier;['jazz double bass']
Frank Glazer;['american classical piano']
Casper Reardon;['jazz harp']
Don Bowman;['outlaw country']
Alyn Ainsworth;['bass trip']
Barbara Randolph;['motown']
Rupert Ignaz Mayr;['german baroque']
Sam Donahue;['jazz saxophone']
Orlando Otey;['latin american classical piano']
C. O. Anto;['italian baroque ensemble']
Hansi Lang;['austropop']
Carla Gavazzi;['italian soprano']
Renato Zanelli;['vintage classical singing']
Anselmo Colzani;['italian baritone']
Hampartsoum Limondjian;['caucasian classical']
Iqbal Bahu;['pakistani folk']
Todd Rhodes;['rhythm and blues']
Freddy Johnson;['dixieland']
Sidney De Paris;['jazz trumpet']
William Child;['english baroque']
György Sebők;['hungarian classical piano']
Jokkmokks-Jokke;['vintage swedish pop']
Leo Smith;['avant-garde jazz', 'contemporary jazz', 'free improvisation', 'free jazz', 'jazz trumpet', 'tzadik']
Inga Juuso;['sami', 'yoik']
Rick James;['disco', 'funk', 'motown', 'post-disco', 'quiet storm', 'soul', 'synth funk']
John D. Burgess;['bagpipe']
Lawrence Welk;['easy listening', 'lounge', 'polka']
Nikos Xilouris;['classic greek pop', 'entehno', 'kritika', 'laiko', 'neo kyma', 'rebetiko']
Joe Puma;['jazz guitar']
Mikey Dread;['dub', 'old school dancehall', 'reggae', 'roots reggae']
Joseph Labitzky;['czech classical']
Rakoto Frah;['malagasy folk']
Edward Edwards;['sound team']
Vincenzo Bettoni;['italian bass']
Mary Dickenson-Auner;['irish classical']
Esther Lekain;['vintage chanson']
Ñico Saquito;['musica tradicional cubana', 'trova']
Emmanuel Nunes;['portuguese contemporary classical']
Giuseppe Matteo Alberti;['italian baroque']
Subas Herrero;['manila sound']
Ted Taylor;['classic soul', 'southern soul']
François Schubert;['german romanticism']
Joe Glazer;['american folk revival']
Muzzy Marcellino;['exotica', 'lounge']
Clifford T. Ward;['classic uk pop']
Mikalojus Konstantinas Čiurlionis;['baltic classical', 'post-romantic era']
Pavel Křížkovský;['czech classical']
Kunnakudi Vaidyanathan;['carnatic', 'carnatic instrumental', 'indian classical', 'indian violin']
Bugs Henderson;['texas blues']
Ahmad Zahir;['afghan pop', 'afghan traditional']
Marcelle Meyer;['historic piano performance']
